number,address,balance,perct_coins,first_in,last_in,ins,first_out,last_out,outs
1,"34xp4vRoCGJym3xR7yCVPFHoCNxv4Twseo
wallet: Binance-coldwallet","265,480 BTC ($13,020,298,019) +0.00339 BTC / -22647 BTC",1.40%,2018-10-18 14:59:18,2021-12-26 18:13:39,674,2018-10-18 15:19:26,2021-12-07 6:06:09,438
2,"bc1qgdjqv0av3q56jvd82tkdjpy7gdp9ut8tlqmgrpmv24sq90ecnvqqjwvw97
wallet: Bitfinex-coldwallet","168,010 BTC ($8,239,952,750)",0.89%,2019-08-16 12:00:29,2021-12-13 15:57:04,81,2020-02-02 18:43:14,2021-11-12 14:40:40,78
3,1P5ZEDWTKTFGxQjZphgWPQUpe554WKDfHQ,"120,023 BTC ($5,886,437,781) / +5063 BTC",0.63%,2019-02-06 3:18:39,2021-12-28 4:14:18,616,2019-02-10 22:58:57,2021-12-14 8:39:20,64
4,"37XuVSEpWW4trkfmvWzegTHQt7BdktSKUs
wallet: 77604498","94,505 BTC ($4,634,948,792)",0.50%,2019-09-06 5:30:05,2021-11-14 21:13:31,120,2021-07-04 5:56:36,2021-07-04 6:10:14,2
5,"38UmuUqPCrFmQo4khkomQwZ4VbY2nZMJ67 2-of-6
wallet: OKEX-coldwallet","84,067 BTC ($4,123,018,358)",0.44%,2016-03-14 23:20:01,2021-12-13 15:47:40,272,2016-03-15 18:57:11,2021-11-17 5:56:51,151
6,1FeexV6bAHb8ybZjqQMjJrcCrHGW9sb6uF,"79,957 BTC ($3,921,455,552)",0.42%,2011-03-01 11:26:19,2021-12-19 12:53:11,402,,,
7,"3Kzh9qAqVWQhEsfQz7zEQL1EuSx5tyNLNS 2-of-3
wallet: OKEX-coldwallet","75,417 BTC ($3,698,785,306) +11509 BTC / +1192 BTC",0.40%,2015-08-25 2:28:20,2021-12-28 1:43:29,1258,2015-08-25 22:44:05,2021-12-18 0:32:47,1073
8,3LYJfcfHPXYJreMsASk2jkn69LWEYKzexb,"73,601 BTC ($3,609,725,253)",0.39%,2019-06-17 13:52:41,2021-09-12 18:31:35,38,,,
9,"3M219KR5vEneNb47ewrPfWyb5jQ2DjxRP6
wallet: Binance-coldwallet","71,434 BTC ($3,503,439,296)",0.38%,2018-11-13 15:11:02,2021-12-28 4:47:44,171,2018-11-13 15:11:02,2021-12-08 1:26:06,163
10,bc1qa5wkgaew2dkv56kfvj49j0av5nml45x9ek9hz6,"69,370 BTC ($3,402,220,232)",0.37%,2020-11-03 22:31:39,2021-11-23 8:37:31,40,,,
11,1LdRcdxfbSnmCYYNdeYpUnztiYzVfBEQeC,"53,880 BTC ($2,642,516,477)",0.28%,2014-05-28 0:49:42,2021-11-17 8:38:22,129,,,
12,1AC4fMwgY8j9onSbXEWeH6Zan8QGMSdmtA,"51,830 BTC ($2,541,990,087)",0.27%,2018-01-07 15:45:18,2021-11-05 4:40:26,103,,,
13,1LruNZjwamWJXThX2Y8C2d47QqhAkkc5os,"44,000 BTC ($2,157,958,828)",0.23%,2019-11-24 16:11:20,2021-10-14 11:31:03,37,,,
14,3Gpex6g5FPmYWm26myFq7dW12ntd8zMcCY,"40,014 BTC ($1,962,461,589)",0.21%,2021-04-29 19:07:42,2021-10-14 11:31:03,7,,,
15,bc1q5shngj24323nsrmxv99st02na6srekfctt30ch,"40,000 BTC ($1,961,792,981)",0.21%,2019-05-01 11:20:30,2021-06-22 13:59:26,32,,,
16,3791kWYSb7F8FnPW5EipbxVtkRc2Pi2P8k,"38,712 BTC ($1,898,612,406) +38712 BTC / +38712 BTC",0.20%,2021-12-25 3:53:43,2021-12-25 3:53:43,1,,,
17,"385cR5DM96n1HvBDMzLHPYcw89fZAXULJP
wallet: Bittrex-coldwallet","38,602 BTC ($1,893,206,215)",0.20%,2018-12-21 2:16:25,2021-11-09 20:54:53,118,2019-01-09 23:58:55,2021-11-09 20:54:53,70
18,3LQUu4v9z6KNch71j7kbj8GPeAGUo1FW6a,"37,927 BTC ($1,860,106,716)",0.20%,2021-10-24 17:14:53,2021-10-24 17:14:53,1,,,
19,bc1q7ydrtdn8z62xhslqyqtyt38mm4e2c4h3mxjkug,"36,000 BTC ($1,765,619,328)",0.19%,2021-07-27 15:54:25,2021-07-28 12:28:29,17,,,
,,,,,,,,,
20,"159QgP4Ewvadjc4HDpaaR6pir2R4ZfzVfQ
wallet: 75561360","34,415 BTC ($1,687,863,867) / -2000 BTC",0.18%,2021-08-23 10:55:44,2021-11-05 12:02:37,88,2021-08-23 11:05:09,2021-12-09 11:29:58,12
21,"bc1q5pucatprjrqltdp58f92mhqkfuvwpa43vhsjwpxlryude0plzyhqjkqazp
wallet: 74771965","33,700 BTC ($1,652,796,453) / -575 BTC",0.18%,2021-01-13 10:17:16,2021-12-16 20:41:43,93,2021-01-22 19:09:44,2021-12-16 20:41:43,92
22,"3LCGsSmfr24demGvriN4e3ft8wEcDuHFqh 2-of-2
wallet: CoinCheck","32,823 BTC ($1,609,786,459) -204.31 BTC / -54.9 BTC",0.17%,2019-10-01 5:09:30,2021-12-28 7:26:46,3844,2019-10-09 6:48:15,2021-12-28 6:56:25,3536
23,12XqeqZRVkBDgmPLVY4ZC6Y4ruUUEug8Fx,"32,354 BTC ($1,586,783,254)",0.17%,2020-12-13 14:01:48,2021-07-15 19:02:35,14,,,
24,bc1qx9t2l3pyny2spqpqlye8svce70nppwtaxwdrp4,"31,345 BTC ($1,537,307,440) +126.35 BTC / +1064 BTC",0.17%,2020-05-12 2:57:43,2021-12-28 7:46:39,4674,2020-07-20 4:53:29,2020-07-20 4:53:29,1
25,3FHNBLobJnbCTFTVakh5TXmEneyf5PT61B,"31,275 BTC ($1,533,881,260)",0.17%,2021-07-26 16:25:53,2021-07-26 16:25:53,1,,,
26,"12ib7dApVFvg82TXKycWBNpN8kFyiAN1dr
wallet: 967","31,000 BTC ($1,520,380,559)",0.16%,2010-05-13 10:22:38,2021-11-17 8:38:22,134,2010-06-02 12:57:07,2010-07-25 1:35:23,4
27,"3FupZp77ySr7jwoLYEJ9mwzJpvoNBXsBnE
wallet: OKEX-coldwallet","30,006 BTC ($1,471,604,689) +271.61 BTC / +5387 BTC",0.16%,2021-02-17 19:32:22,2021-12-24 19:36:59,228,2021-04-20 23:27:40,2021-12-23 23:12:37,155
28,12tkqA9xSoowkzoERHMWNKsTey55YEBqkv,"28,151 BTC ($1,380,652,414)",0.15%,2010-04-06 0:47:07,2021-12-09 17:04:44,135,,,
29,3JJpCZCk4h4TpQeU7SA1yhH768Xgbtdbfg,"26,606 BTC ($1,304,851,440) +250 BTC / +2750 BTC",0.14%,2021-09-29 18:14:59,2021-12-27 19:19:13,21,2021-10-07 0:42:42,2021-12-15 22:31:55,2
30,"1ftuUgzrr5hnVzXnFBDjELvVe69rPtBRi
wallet: OKEX-coldwallet","25,350 BTC ($1,243,276,118) +1331 BTC / +14430 BTC",0.13%,2018-07-26 8:40:56,2021-12-27 11:17:16,593,2018-07-26 10:04:25,2021-11-22 7:13:58,510
31,"bc1q4jchcr7nla277su5lpjzttxp3xg5j8wds5lcwg
wallet: 62621121","24,976 BTC ($1,224,942,447) -131.02 BTC / +21360 BTC",0.13%,2020-08-20 19:27:46,2021-12-27 22:48:38,3526,2020-08-20 22:22:23,2021-12-27 15:40:53,3518
32,17MWdxfjPYP2PYhdy885QtihfbW181r1rn,"24,495 BTC ($1,201,360,322)",0.13%,2020-12-13 13:50:54,2021-05-14 8:28:21,12,,,
33,"35ULMyVnFoYaPaMxwHTRmaGdABpAThM4QR
wallet: 67449162","24,305 BTC ($1,192,024,753)",0.13%,2020-07-13 23:07:13,2021-11-22 4:29:38,109,2020-08-20 22:45:17,2021-09-13 23:34:55,79
34,19D5J8c59P2bAkWKvxSYw8scD3KUNWoZ1C,"23,969 BTC ($1,175,545,845)",0.13%,2020-12-13 12:33:04,2021-05-14 8:28:21,14,,,
35,"3JZq4atUahhuA9rLhXLMhhTo133J9rF97j
wallet: Bitfinex-coldwallet","23,796 BTC ($1,167,048,987) -5832 BTC / +2374 BTC",0.13%,2018-11-02 21:14:44,2021-12-27 19:19:13,3293,2018-11-04 17:08:55,2021-12-22 23:24:09,3283
36,"1aXzEKiDJKzkPxTZy9zGc3y1nCDwDPub2
wallet: 30100391","23,631 BTC ($1,158,945,094) -500 BTC /",0.12%,2016-08-04 12:29:39,2021-12-23 14:50:47,215,2016-11-18 15:58:35,2021-12-23 14:50:47,214
37,1932eKraQ3Ad9MeNBHb14WFQbNrLaKeEpT,"22,900 BTC ($1,123,116,812)",0.12%,2020-03-17 14:28:00,2021-06-13 22:07:16,29,,,
38,bc1qjysjfd9t9aspttpjqzv68k0ydpe7pvyd5vlyn37868473lell5tqkz456m,"22,498 BTC ($1,103,424,642) +6121 BTC / +20468 BTC",0.12%,2021-11-14 14:38:03,2021-12-27 6:59:01,10,,,
39,1MDq7zyLw6oKichbFiDDZ3aaK59byc6CT8,"22,400 BTC ($1,098,595,079)",0.12%,2018-09-28 16:43:50,2021-11-17 8:50:32,77,2020-03-17 14:28:00,2020-03-17 14:28:00,53
40,bc1qd4ysezhmypwty5dnw7c8nqy5h5nxg0xqsvaefd0qn5kq32vwnwqqgv4rzr,"22,000 BTC ($1,078,977,306) +7200 BTC / +14000 BTC",0.12%,2021-10-11 14:39:15,2021-12-23 18:05:06,8,,,
41,"19iqYbeATe4RxghQZJnYVFU4mjUUu76EA6
wallet: 62084963","21,917 BTC ($1,074,929,265) +362.4 BTC / -983.22 BTC",0.12%,2020-05-13 7:11:37,2021-12-28 8:36:08,48215,2020-05-13 7:22:17,2021-12-28 8:36:08,48171
42,bc1qm34lsc65zpw79lxes69zkqmk6ee3ewf0j77s3h,"21,862 BTC ($1,072,193,942) -25696 BTC / -6270 BTC",0.12%,2021-10-08 9:14:44,2021-12-28 8:38:47,36850,2021-10-12 9:03:37,2021-12-28 8:38:47,26399
43,"3DVJfEsDTPkGDvqPCLC41X85L1B1DQWDyh
wallet: OKEX-coldwallet","20,406 BTC ($1,000,813,446) / -26.89 BTC",0.11%,2019-01-22 18:38:08,2021-12-16 23:54:31,187,2019-01-24 21:11:53,2021-12-16 23:54:31,115
44,"3HSMPBUuAPQf6CU5B3qa6fALrrZXswHaF1
wallet: OKEX-coldwallet","20,213 BTC ($991,323,695) -1.92 BTC / -1795 BTC",0.11%,2021-04-01 0:50:28,2021-12-25 17:52:45,116,2021-05-13 23:28:09,2021-12-24 23:14:42,106
45,"bc1qtw30nantkrh7y5ue73gm4mmy0zezfqxug3psr94sd967qwg7f76scfmr9p
wallet: 74625152","20,136 BTC ($987,570,041)",0.11%,2021-03-21 18:12:51,2021-03-21 20:32:52,165,2021-03-21 18:12:51,2021-03-21 19:47:47,40
46,17rm2dvb439dZqyMe2d4D6AQJSgg6yeNRn,"20,008 BTC ($981,280,905)",0.11%,2017-03-28 15:59:19,2021-05-28 4:01:46,62,2017-03-28 16:04:55,2017-03-28 16:04:55,1
47,1PeizMg76Cf96nUQrYg8xuoZWLQozU5zGW,"19,414 BTC ($952,169,547)",0.10%,2010-07-24 14:16:11,2021-09-06 4:19:03,96,,,
48,3K5dmrkBMS8ZVgERMLwiw7PJuG8GWTbo8e,"18,600 BTC ($912,228,546)",0.10%,2021-11-03 1:40:46,2021-11-03 1:40:46,1,,,
49,"bc1qvpgyac88vqtslewxu7yu9dqwp8rd83zch55zpm3xgn3mgg72w3kqv0s8qa
wallet: 74771965","17,930 BTC ($879,365,710) +4285 BTC / -470 BTC",0.09%,2021-01-12 10:55:02,2021-12-23 16:57:17,105,2021-03-25 22:28:25,2021-12-20 18:41:40,101
50,1AjPJ1eq4VMt3NxBZwAD5BvpajxoGUJ89n,"17,254 BTC ($846,198,381) +78 BTC / +933 BTC",0.09%,2021-11-03 21:01:17,2021-12-27 16:50:35,27,,,
51,"3H5JTt42K7RmZtromfTSefcMEFMMe18pMD
wallet: Poloniex-coldwallet","16,786 BTC ($823,257,131)",0.09%,2018-12-23 1:50:38,2021-11-16 11:53:45,68,2019-01-28 19:14:31,2021-09-15 20:29:14,15
52,3QM1VzweZrAwdw8ECW3Rxf2QfxDsX9wm3o,"16,577 BTC ($813,009,392) / +16577 BTC",0.09%,2021-12-08 1:26:06,2021-12-08 1:26:06,1,,,
53,34HpHYiyQwg69gFmCq2BGHjF1DZnZnBeBP,"16,307 BTC ($799,745,161)",0.09%,2021-10-22 22:49:49,2021-10-22 22:49:49,1,,,
54,"bc1q4c8n5t00jmj8temxdgcc3t32nkg2wjwz24lywv
wallet: 71981558","16,058 BTC ($787,541,183) +2283 BTC / +6009 BTC",0.08%,2021-01-11 12:59:50,2021-12-28 8:36:08,17173,2021-01-11 13:53:16,2021-12-22 2:01:23,15721
55,1GR9qNz7zgtaW5HwwVpEJWMnGWhsbsieCG,"15,746 BTC ($772,231,704)",0.08%,2018-01-22 18:05:59,2021-12-03 12:53:57,65,2018-01-22 23:14:04,2018-01-22 23:14:04,1
56,"3PmmBXakGBppQZBDY3srFyKMUxcvgG5RX9
wallet: 82616484","15,047 BTC ($737,977,941) +15047 BTC / +15047 BTC",0.08%,2021-12-27 19:18:35,2021-12-27 23:21:54,3,2021-12-28 5:39:34,2021-12-28 5:39:34,2
57,1KUr81aewyTFUfnq4ZrpePZqXixd59ToNn,"15,000 BTC ($735,666,276)",0.08%,2019-07-19 23:30:09,2021-06-04 17:23:08,31,,,
58,39gUvGynQ7Re3i15G3J2gp9DEB9LnLFPMN,"14,781 BTC ($724,941,270) +29.99 BTC / -619.99 BTC",0.08%,2021-02-24 14:55:08,2021-12-27 20:43:41,161,2021-06-29 14:40:38,2021-12-27 20:43:41,61
59,"3BMEXqGpG4FxBA1KWhRFufXfSTRgzfDBhJ 3-of-4
wallet: BITMEX-coldwallet","14,770 BTC ($724,392,284)",0.08%,2017-07-18 5:32:04,2021-05-14 15:12:31,119,2017-07-28 6:11:19,2021-05-14 15:12:31,118
60,3BMEXxSMT2b2kvsnC4Q35d2kKJZ4u9bSLh 3-of-4,"14,642 BTC ($718,109,758) / -82.95 BTC",0.08%,2019-07-17 16:13:26,2021-12-02 14:11:39,161,2019-07-20 15:29:00,2021-12-02 14:11:39,160
61,3EMVdMehEq5SFipQ5UfbsfMsH223sSz9A9 4-of-8,"14,510 BTC ($711,648,837) / +311 BTC",0.08%,2019-02-01 16:46:33,2021-12-08 17:55:14,43,2020-08-15 18:55:25,2021-05-20 19:24:47,25
62,"39WQqCosC8ZD4S9XBPHRnnRUeVRvNctnnm
wallet: 77570483","14,166 BTC ($694,740,739) / +815 BTC",0.07%,2021-02-13 0:11:23,2021-12-04 0:30:30,64,2021-07-02 22:07:06,2021-07-27 17:05:37,27
63,1BZaYtmXka1y3Byi2yvXCDG92Tjz7ecwYj,"14,000 BTC ($686,621,953)",0.07%,2018-01-17 5:20:58,2021-10-10 23:34:45,51,,,
64,bc1q4vxn43l44h30nkluqfxd9eckf45vr2awz38lwa,"13,003 BTC ($637,725,643)",0.07%,2021-07-27 15:39:28,2021-10-14 11:31:03,8,,,
65,"3ETUmNhL2JuCFFVNSpk8Bqx2eorxyP9FVh
wallet: OKEX-coldwallet","12,826 BTC ($629,039,293) / -34.87 BTC",0.07%,2020-04-08 23:23:42,2021-12-07 23:54:55,187,2020-05-02 2:39:57,2021-12-07 23:54:55,155
66,"bc1q080rkmk3kj86pxvf5nkxecdrw6nrx3zzy9xl7q
wallet: 68700104","12,405 BTC ($608,402,146) +262 BTC / +2885 BTC",0.07%,2020-10-20 13:06:25,2021-12-27 13:56:13,158,2020-10-21 6:38:22,2021-12-11 15:21:19,57
67,bc1qujmfpqzgz208d0uycpjyx8uad2ddjuqut70ttpz35gs2n6gflguqajk8d3,"12,006 BTC ($588,846,137)",0.06%,2021-10-22 17:20:19,2021-10-25 19:42:17,6,,,
68,3GWUKxq55XsQ7rkzbxAgfSyf6KHp8Ljh3R 2-of-3,"12,000 BTC ($588,533,120)",0.06%,2021-04-27 5:19:57,2021-11-08 13:36:17,24,2021-04-27 11:11:48,2021-11-08 13:36:17,5
69,"35pgGeez3ou6ofrpjt8T7bvC9t6RrUK4p6 2-of-3
wallet: 69400086","11,055 BTC ($542,194,712) -905.18 BTC / -7364 BTC",0.06%,2020-06-08 17:39:51,2021-12-27 20:13:03,418,2020-06-16 16:15:16,2021-12-23 20:29:47,298
70,"bc1qqn4q5yv7feltnsfwzxwm3fluryqqzhhp6457h6m4ytq7mauxlxgq872p5f
wallet: 74771965","10,807 BTC ($530,022,538)",0.06%,2021-01-13 13:12:52,2021-11-22 21:09:48,54,2021-03-25 22:28:25,2021-11-22 21:09:48,53
71,1F34duy2eeMz5mSrvFepVzy7Y1rBsnAyWC,"10,771 BTC ($528,234,657)",0.06%,2011-08-09 0:14:47,2021-11-20 6:51:33,92,,,
72,36rPiyFi4pZmnAyYbDTABqLN3WcWP6yJXS 2-of-5,"10,500 BTC ($514,988,433)",0.06%,2018-09-25 19:16:55,2021-11-18 18:14:52,29,2018-09-25 19:16:55,2018-09-25 19:16:55,1
73,bc1qhd0r5kh3u9mhac7de58qd2rdfx4kkv84kpx302,"10,500 BTC ($514,966,396)",0.06%,2020-12-28 20:43:53,2021-11-16 20:17:04,11,,,
74,bc1qjh0akslml59uuczddqu0y4p3vj64hg5mc94c40,"10,297 BTC ($504,986,613)",0.05%,2021-03-11 15:37:20,2021-12-14 21:52:19,5,2021-04-01 9:16:15,2021-04-01 9:16:15,1
75,bc1qzrwk3e2xuy4at060ucv3y0lldxk9gaqd6zmjn6,"10,158 BTC ($498,170,817) +10158 BTC / +10158 BTC",0.05%,2021-12-27 19:18:35,2021-12-27 19:18:35,1,,,
76,1f1miYFQWTzdLiCBxtHHnNiW7WAWPUccr,"10,009 BTC ($490,898,513)",0.05%,2011-05-04 4:10:49,2021-06-25 4:29:38,69,,,
77,bc1qsxdxm0exqdsmnl9ejrz250xqxrxpxkgf5nhhtq,"10,002 BTC ($490,529,601)",0.05%,2021-08-14 6:37:58,2021-08-14 6:37:58,1,,,
78,bc1qtef0p08lputg4qazhx2md43ynhc9kp20pn297qnz68068d9z48asmemanj,"10,001 BTC ($490,493,272)",0.05%,2021-11-12 13:19:27,2021-11-12 14:40:40,2,,,
79,1BAFWQhH9pNkz3mZDQ1tWrtKkSHVCkc3fV,"10,000 BTC ($490,448,024)",0.05%,2011-05-04 4:01:23,2021-03-25 17:07:04,41,,,
80,14YK4mzJGo5NKkNnmVJeuEAQftLt795Gec,"10,000 BTC ($490,445,921)",0.05%,2011-05-04 3:40:51,2021-10-18 22:56:40,51,,,
81,1Ki3WTEEqTLPNsN5cGTsMkL2sJ4m5mdCXT,"10,000 BTC ($490,445,459)",0.05%,2017-10-17 1:18:28,2021-05-30 0:45:29,40,,,
82,1KbrSKrT3GeEruTuuYYUSQ35JwKbrAWJYm,"10,000 BTC ($490,445,025)",0.05%,2011-04-03 0:18:45,2020-08-19 2:16:08,62,,,
83,1P1iThxBH542Gmk1kZNXyji4E4iwpvSbrt,"10,000 BTC ($490,444,841)",0.05%,2011-05-04 3:14:27,2021-07-26 21:24:20,48,,,
84,12tLs9c9RsALt4ockxa1hB4iTCTSmxj2me,"10,000 BTC ($490,444,783)",0.05%,2011-04-02 23:08:32,2021-03-12 7:34:53,49,,,
85,1ucXXZQSEf4zny2HRwAQKtVpkLPTUKRtt,"10,000 BTC ($490,444,732)",0.05%,2011-05-04 4:01:23,2020-08-19 2:16:08,36,,,
86,1CPaziTqeEixPoSFtJxu74uDGbpEAotZom,"10,000 BTC ($490,444,732)",0.05%,2011-05-04 3:28:05,2020-09-26 23:05:41,36,,,
87,"1LfV1tSt3KNyHpFJnAzrqsLFdeD2EvU1MK
wallet: 33664448","10,000 BTC ($490,444,425)",0.05%,2014-02-05 18:33:30,2021-12-24 3:12:04,70,2017-09-22 18:59:21,2018-04-19 14:34:31,13
88,"3DwVjwVeJa9Z5Pu15WHNfKcDxY5tFUGfdx
wallet: OKEX-coldwallet","10,000 BTC ($490,444,239)",0.05%,2020-02-29 17:49:31,2021-05-30 0:45:29,28,2020-03-03 2:24:34,2020-12-22 23:08:08,3
89,1EU2pMence1UfifCco2UHJCdoqorAtpT7,"10,000 BTC ($490,444,210)",0.05%,2018-05-29 23:32:08,2021-06-01 0:16:58,26,,,
90,bc1qlkdlchlylfdkspvevnlqqlmt4l222hwva2z3n7,"9,906 BTC ($485,832,648)",0.05%,2021-07-29 19:26:47,2021-07-29 19:26:47,1,,,
91,bc1qg6kqkkaexnxpvle8w3zy5j7w4k9uz5rqmrx5lw,"9,905 BTC ($485,783,277)",0.05%,2021-07-29 19:26:47,2021-07-29 19:26:47,1,,,
92,bc1qqdykm85ycxjqjh5hrkwmewts02mm6ku5rlck3m,"9,904 BTC ($485,752,692)",0.05%,2021-07-29 21:42:19,2021-07-29 21:42:19,1,,,
93,bc1qgc5h9vz0zp4cmlxuw0h6jgryetq08e4twen03f,"9,903 BTC ($485,709,419)",0.05%,2021-07-29 21:29:09,2021-07-29 21:29:09,1,,,
94,bc1qxv55wuzz4qsfgss3uq2zwg5y88d7qv5hg67d2d,"9,901 BTC ($485,606,424)",0.05%,2021-07-29 19:26:47,2021-07-29 19:26:47,1,,,
95,1Cus9pZdkckCz23bDAsKMY6aLSQ7CmuHyw,"9,901 BTC ($485,582,501)",0.05%,2018-12-04 3:28:38,2021-07-21 19:06:18,98,,,
96,1MLsZmbT3mgmm6zLkTR26yJHVfn8BSdqqd,"9,901 BTC ($485,582,501)",0.05%,2018-12-04 3:28:38,2021-07-21 19:06:18,96,,,
97,bc1qmjpguunz9lc7h6zf533wtjc70ync94ptnrjqmk,"9,901 BTC ($485,571,270)",0.05%,2021-07-29 21:29:09,2021-07-29 21:29:09,1,,,
98,bc1qyr9dsfyst3epqycghpxshfmgy8qfzadfhp8suk,"9,900 BTC ($485,561,943)",0.05%,2021-07-29 21:29:09,2021-07-29 21:29:09,1,,,
99,bc1q8qg2eazryu9as20k3hveuvz43thp200g7nw7qy,"9,900 BTC ($485,544,608)",0.05%,2021-07-29 21:29:09,2021-07-29 21:29:09,1,,,
100,bc1q4ffskt6879l4ewffrrflpykvphshl9la4q037h,"9,895 BTC ($485,312,698)",0.05%,2021-07-29 22:31:26,2021-07-29 22:31:26,1,,,
101,134ooU6EQmCFFzEPN7yga3S1XikcBtynco,"9,867 BTC ($483,906,718)",0.05%,2018-12-04 19:15:05,2021-07-21 20:47:07,95,,,
102,16BBBjvAArL3zdb1Fh1isr2w2hX7K1K4Gm,"9,867 BTC ($483,906,718)",0.05%,2018-12-04 19:15:05,2021-07-21 20:47:07,94,,,
103,1Jc7vYQHCnmdyhbpcv5o3pYtUbH6Sk139z,"9,843 BTC ($482,747,709)",0.05%,2018-12-04 3:28:38,2021-07-21 19:06:18,100,,,
104,3265tcUcp8dBhBBwp4rKN3iyUptuHkzMq7,"9,759 BTC ($478,603,044)",0.05%,2021-01-02 11:05:12,2021-10-01 6:20:42,22,2021-01-02 11:18:59,2021-01-02 11:18:59,1
105,17rVQwoL5v18KfoQJNMMoMBm3rDjodxw1m,"9,740 BTC ($477,681,076)",0.05%,2018-12-04 19:15:05,2021-07-21 20:47:07,92,,,
106,1MYv4C4hZ7hC5sbHrPkzvmNoozQgnHKeAU,"9,681 BTC ($474,788,311)",0.05%,2018-12-04 20:03:14,2021-07-19 13:38:04,96,,,
107,18Ayw3caz2xGDhTfz1nJxLw1NURPtBNJnn,"9,661 BTC ($473,826,749)",0.05%,2018-12-04 20:03:14,2021-07-17 6:07:05,91,,,
108,1Kphp4WNPLpScp5T5f63jnVS9ohK6a86g7,"9,661 BTC ($473,826,749)",0.05%,2018-12-04 19:15:05,2021-07-17 5:46:44,90,,,
109,1D3AHKaQbtPLVwYB1L9ATAPXo14xVA2Hjc,"9,661 BTC ($473,826,749)",0.05%,2018-12-04 19:00:45,2021-07-17 5:46:44,92,,,
110,1BMi633XQ8jt45Tb5EvZ4xdZHb2GzxKSfb,"9,661 BTC ($473,826,749)",0.05%,2018-12-04 20:03:14,2021-07-17 6:07:05,91,,,
111,1Gjkd1hwrJxM9h5Sj1W5bfEN6km1qkVCg4,"9,661 BTC ($473,826,749)",0.05%,2018-12-04 19:15:05,2021-07-17 6:07:05,93,,,
112,13jh1fCa6pCFTcCH1H6MXDWLa9zajtniMT,"9,661 BTC ($473,826,749)",0.05%,2018-12-04 19:00:45,2021-07-17 5:46:44,90,,,
113,19om4Guv9QmVesS7AewMUyE5JUJ9H7xwNN,"9,661 BTC ($473,826,749)",0.05%,2018-12-04 20:00:39,2021-07-17 6:07:05,92,,,
114,1J2zKTQnSrLJMXZTnA3a5ky1W2L3PJhagC,"9,661 BTC ($473,826,749)",0.05%,2018-12-04 19:00:45,2021-07-17 6:07:05,91,,,
115,bc1qsm3kjcmp63jsuyrqh58kc6k4ydpactjy6r7a6f,"9,631 BTC ($472,368,661)",0.05%,2021-07-29 21:42:19,2021-07-29 21:42:19,1,,,
116,1Djs2VyBVr6MYNcGVaHAr8B3N1mViS5yoo,"9,612 BTC ($471,406,068)",0.05%,2018-12-04 20:03:14,2021-07-22 12:06:51,91,,,
117,18saWjMCchDTGWunefuDJSWNdz4p6KtfBL,"9,546 BTC ($468,181,825)",0.05%,2018-12-04 20:03:14,2021-07-22 20:41:50,93,,,
118,bc1qajh7jfy44sswutqlwj2tz9wcejpxrgflc8penw,"9,500 BTC ($465,921,973)",0.05%,2020-12-28 20:57:01,2021-06-25 4:29:38,10,,,
119,1P9fAFAsSLRmMu2P7wZ5CXDPRfLSWTy9N8,"9,425 BTC ($462,233,015)",0.05%,2017-10-16 0:32:51,2021-06-01 0:16:58,32,,,
,,,,,,,,,
120,1HLvaTs3zR3oev9ya7Pzp3GB9Gqfg6XYJT,"9,260 BTC ($454,152,155)",0.05%,2010-03-18 14:37:36,2021-06-01 0:16:58,83,,,
121,1PL2cmmMLmGGDtqaSZJY8DR1iKJaziEPJv,"9,217 BTC ($452,066,821)",0.05%,2018-12-04 20:03:14,2021-07-24 10:25:13,81,,,
122,"36NkTqCAApfRJBKicQaqrdKs29g6hyE4LS
wallet: OKEX-coldwallet","9,119 BTC ($447,258,385)",0.05%,2021-03-11 1:46:25,2021-12-25 17:52:45,167,2021-03-29 23:16:19,2021-12-21 23:38:58,45
123,bc1qh4cpaydaqlzez8ekkasm3ygj4us7gwxsghh047,"9,112 BTC ($446,888,156)",0.05%,2020-12-28 20:43:53,2021-07-11 19:32:53,12,,,
124,bc1q78wmm8xnhveklsparpeq6drlg9wlq4lyahkqfp,"9,099 BTC ($446,255,159)",0.05%,2020-12-28 20:43:53,2021-06-23 9:14:31,9,,,
125,1Cr7EjvS8C7gfarREHCvFhd9gT3r46pfLb,"9,050 BTC ($443,843,832)",0.05%,2018-01-07 13:57:49,2021-06-13 10:32:25,63,2019-10-11 10:09:16,2021-01-09 13:48:33,6
126,13nwifHUz5ZfHuQhk5ETJ4BhmqbuQdvTFp,"9,025 BTC ($442,624,983)",0.05%,2018-12-04 20:00:39,2021-07-25 0:27:06,84,,,
127,"1J1F3U7gHrCjsEsRimDJ3oYBiV24wA8FuV
wallet: F2Pool","9,000 BTC ($441,399,805)",0.05%,2011-05-28 4:38:12,2021-12-09 1:28:03,2433,2011-05-28 4:54:48,2021-12-09 1:28:03,2432
128,167ZWTT8n6s4ya8cGjqNNQjDwDGY31vmHg,"8,999 BTC ($441,351,058)",0.05%,2010-08-09 23:35:11,2021-06-25 4:29:38,42,,,
129,3QB2qhnj5Xxwhh3GKcfwQDSkL91BCCn5cp,"8,801 BTC ($431,660,174)",0.05%,2020-10-09 23:08:16,2021-10-21 17:01:26,18,2021-07-27 17:05:37,2021-07-27 17:05:37,1
130,1Dt4Q2ofKUtHwvjN45tAUfikNBfJrDERcZ,"8,779 BTC ($430,562,629)",0.05%,2018-12-04 22:58:43,2021-07-25 5:45:12,77,,,
131,39e7mxbeNmRRnjfy1qkphv1TiMcztZ8VuE,"8,737 BTC ($428,501,125)",0.05%,2020-09-30 12:52:34,2021-10-19 14:56:22,20,2021-07-27 17:05:37,2021-07-27 17:05:37,1
132,bc1qhszrd0ef5we6mg3r7xgl05g8rx06xll8yrwmjh,"8,611 BTC ($422,324,059)",0.05%,2020-12-28 20:43:53,2021-07-06 15:13:11,9,,,
133,1CsShhaM1XijNaoVrzEGhrGkjdS8vXCdtD,"8,600 BTC ($421,804,325)",0.05%,2021-11-19 2:35:51,2021-11-19 3:01:47,3,,,
134,19rxQRpXBMQcbsYcxo6w9xL54o1sXDeXdA,"8,539 BTC ($418,814,727)",0.05%,2017-08-27 23:33:39,2021-06-25 4:29:38,30,,,
135,3B71nauHJDWCRoKfqX52iMt3cN8qXP9v4a,"8,500 BTC ($416,877,593)",0.04%,2021-10-19 2:48:17,2021-10-20 2:11:46,2,,,
136,"bc1q4ph3834lsfcx87k3hh3jmzkrfygthtswtpcjnst4dnjqfjvrsjfqznurmz
wallet: 74771965","8,390 BTC ($411,481,973)",0.04%,2021-01-11 15:35:40,2021-12-04 7:35:13,41,2021-03-11 0:00:38,2021-10-09 11:35:06,36
137,15HEcdBfaDD9tUxfPxgiPbTJi6ooQb11B2,"8,346 BTC ($409,335,829) / +8346 BTC",0.04%,2021-12-05 17:53:04,2021-12-07 21:22:17,9,,,
138,1Le1X8LJb4VkFsfktiUY7V7wMRhniu5Xgn,"8,176 BTC ($400,993,323)",0.04%,2018-12-05 20:19:25,2021-07-27 12:21:02,60,,,
139,1Fjom9b9wvp3HPi2ZS9hqXQwJpXcjumSYJ,"8,175 BTC ($400,955,089)",0.04%,2018-12-05 15:38:08,2021-07-27 12:12:23,64,,,
140,16BiUbH8yxFmCJs4ArtyTgHKfXQFvkvPNr,"8,175 BTC ($400,955,089)",0.04%,2018-12-05 3:42:05,2021-07-27 12:08:43,61,,,
141,1KLay1g7rZxAiotuDhGy5YizdXSpqkFxQ9,"8,175 BTC ($400,955,089)",0.04%,2018-12-04 23:49:42,2021-07-27 12:08:43,61,,,
142,12yePmcVhMzzHYwh4BpVF3Cm1bYL9mqyKc,"8,175 BTC ($400,955,089)",0.04%,2018-12-04 23:45:53,2021-07-27 12:08:43,60,,,
143,1C7u4Zqu6ZZRsiKsFMYVDvNLfCwsGrbeTq,"8,175 BTC ($400,955,089)",0.04%,2018-12-04 23:05:14,2021-07-27 12:08:43,60,,,
144,17SAATrqavNbzmqBwqxzZc7rK6u9Rmi9hE,"8,175 BTC ($400,955,089)",0.04%,2018-12-04 23:05:14,2021-07-27 12:08:43,60,,,
145,16dyizLarM2N4UjGaEFPESNmJC5vEALtZX,"8,175 BTC ($400,955,089)",0.04%,2018-12-05 3:42:05,2021-07-27 12:08:43,60,,,
146,1BbSZNNhoBUCFGMfnscBDXf7PH1takoMga,"8,175 BTC ($400,955,089)",0.04%,2018-12-05 3:23:17,2021-07-27 12:08:43,59,,,
147,1gvH7pGPrEBNjqmwYS8UDhjFQkyqkKCLE,"8,175 BTC ($400,955,089)",0.04%,2018-12-04 23:49:42,2021-07-27 12:08:43,62,,,
148,13pTeUzSU4nwkM72hM6e8AcP2d8LudZBjc,"8,175 BTC ($400,955,089)",0.04%,2018-12-04 23:05:14,2021-07-27 12:08:43,61,,,
149,18oRfGoPpb6bkQdACnD6dVYWceeWURK5R6,"8,175 BTC ($400,955,089)",0.04%,2018-12-04 23:05:14,2021-07-27 12:08:43,60,,,
150,1M9pAdfhGHtQkhGRijApWAkkrPCduvV6Zi,"8,175 BTC ($400,955,089)",0.04%,2018-12-04 23:05:14,2021-07-27 12:08:43,62,,,
151,1Gtpfqoo8stQw2E4vCbZZbJBBZvYzzCeRy,"8,175 BTC ($400,955,089)",0.04%,2018-12-05 3:42:05,2021-07-27 12:12:23,65,,,
152,15URsTiy1ksoMMV7DuEi9hvSqHgqobAtKa,"8,175 BTC ($400,955,089)",0.04%,2018-12-05 2:54:46,2021-07-27 12:08:43,63,,,
153,1E1SKgxgYJFXzaLxgat2FNSnwWeKz1U15N,"8,175 BTC ($400,955,089)",0.04%,2018-12-04 23:49:42,2021-07-27 12:08:43,59,,,
154,15ZQJagAa2iUCwpQXUUCZ4BfzFW5TAVyJj,"8,175 BTC ($400,955,089)",0.04%,2018-12-04 23:05:14,2021-07-27 12:08:43,61,,,
155,12Gjyd3MMR7Dj2KwCxw71wwzZXVp2xy8nK,"8,175 BTC ($400,955,089)",0.04%,2018-12-04 23:05:14,2021-07-27 12:08:43,60,,,
156,14KzHoS5dXbhy2kBevNKLz2ZMtjaqHkKWZ,"8,175 BTC ($400,955,089)",0.04%,2018-12-04 23:05:14,2021-07-27 12:08:43,60,,,
157,1Eqj1APg1dkcPH7CmHJ6SzRwtJRLpxtBFA,"8,173 BTC ($400,816,200)",0.04%,2018-12-05 20:19:25,2021-07-27 13:11:24,63,,,
158,1QHVStz4ALAF8LFokjLy9QFaZKUFdraxeo,"8,150 BTC ($399,712,038)",0.04%,2018-12-18 12:05:30,2021-06-28 13:01:26,18,,,
159,19F4xZNBxtPAdMqFudr2LDH5efeeUYF21x,"8,137 BTC ($399,064,170)",0.04%,2018-12-05 20:19:25,2021-07-27 12:21:02,61,,,
160,157ZXCYfK6NqBiFLkoLDt3PN8KyE8xdTu5,"8,116 BTC ($398,044,791)",0.04%,2018-12-05 20:13:56,2021-07-27 13:33:41,59,,,
161,37wMyeamkWsXtwGksgvD4fWeJahK21m9Gg,"8,100 BTC ($397,258,306)",0.04%,2021-10-19 2:48:17,2021-12-06 12:33:04,3,,,
162,338363ecwAVWzt7zVuGaUVoWtWycGsJTUf,"8,081 BTC ($396,306,693) / +8081 BTC",0.04%,2021-12-09 16:53:09,2021-12-09 16:53:09,1,,,
163,3LE4RL65dzrME4gsNzogkSj4CSYj859G3E,"8,064 BTC ($395,489,306)",0.04%,2021-07-27 17:05:37,2021-07-27 17:05:37,1,,,
164,3Jz9R3Eevdx2nrSidWt6ZB3fntznCcZ5TN 2-of-5,"8,051 BTC ($394,842,766)",0.04%,2018-09-25 20:21:09,2021-12-22 15:40:05,36,2020-08-25 19:11:47,2021-12-22 15:40:05,35
165,18zuLTKQnLjp987LdxuYvjekYnNAvXif2b,"8,021 BTC ($393,370,691)",0.04%,2013-04-25 2:16:44,2021-06-28 13:01:26,31,,,
166,3Dbycn9xjr4G7S6QEuX7ZJP7rxiKLgBjhc,"8,003 BTC ($392,497,596)",0.04%,2021-07-27 17:05:37,2021-07-27 17:05:37,1,,,
167,3PWn1AGqo8HWH8mXSsxx1Ytk87zMAAziFU,"8,000 BTC ($392,356,824)",0.04%,2019-02-16 16:38:50,2021-07-06 15:13:11,13,,,
168,198aMn6ZYAczwrE5NvNTUMyJ5qkfy4g3Hi,"8,000 BTC ($392,355,545)",0.04%,2009-02-22 11:50:53,2021-10-24 0:50:10,62,,,
169,18f6y4uWnLd7VPzfR2c1dMboihghXYHRH3,"8,000 BTC ($392,355,482)",0.04%,2020-05-08 21:01:11,2021-07-06 15:13:11,61,,,
170,1Lan1sQzYGViDZskUFmnitJvfejn2jYdNS,"8,000 BTC ($392,355,401)",0.04%,2018-12-06 3:33:33,2021-07-06 15:13:11,56,,,
171,17RmGC3i2dASQai3mP9iJLX3ZD9TBm2YQV,"8,000 BTC ($392,355,390)",0.04%,2018-12-05 23:43:17,2021-07-06 15:13:11,57,,,
172,15mxk4fKk9ggQ4fikNWKpasahsdXZNdVu2,"8,000 BTC ($392,355,389)",0.04%,2018-12-05 20:48:58,2021-07-06 15:13:11,56,,,
173,1HGdi2AtuvBUcdTFe62sKd7ZAFzoG7iQLb,"8,000 BTC ($392,355,387)",0.04%,2018-12-06 3:28:15,2021-06-12 11:57:22,57,,,
174,1Fn4FSiHFr9SgbQ3ccsybN9f3RF1omst4x,"8,000 BTC ($392,355,387)",0.04%,2018-12-06 4:55:45,2021-06-12 11:57:22,57,,,
175,17J26KSDtNFPAUhCMwjcRNWhneMsXS75Ba,"8,000 BTC ($392,355,387)",0.04%,2018-12-05 22:46:54,2021-07-06 15:13:11,56,,,
176,12US3aeNibsxe7Lhascm4AmvGiTxwSdD4X,"8,000 BTC ($392,355,387)",0.04%,2018-12-06 2:15:23,2021-07-06 15:13:11,56,,,
177,17GyU83L63BtxtpDgv8LmhhtmvcrXbfVt1,"8,000 BTC ($392,355,387)",0.04%,2018-12-05 20:46:45,2021-07-06 15:13:11,56,,,
178,1FDzP5vQGMhCzeb9nH4AcUDnUbcHS22BMZ,"8,000 BTC ($392,355,387)",0.04%,2018-12-06 1:57:15,2021-07-06 15:13:11,56,,,
179,1Dr1pZDgpowHDGJrUNTithDL33TdriFMzE,"8,000 BTC ($392,355,386)",0.04%,2018-12-06 3:28:15,2021-07-06 15:13:11,55,,,
180,1N4yKFsFPjjoJyo3BAKUWpcs3SUghfgJkH,"8,000 BTC ($392,355,386)",0.04%,2018-12-05 22:46:54,2021-07-06 15:13:11,55,,,
181,1LRXrhZRLVTjGCPFphPsXZfeHesRigm59r,"8,000 BTC ($392,355,386)",0.04%,2018-12-06 3:28:15,2021-07-06 15:13:11,55,,,
182,15QFkJUWFZ6QRpTrzUitH2Egyf1JTngVgV,"8,000 BTC ($392,355,386)",0.04%,2018-12-05 23:45:47,2021-06-22 7:21:13,55,,,
183,1DdxS8CheskxKAPPbG8Uq4Qts8kS4x1tt2,"8,000 BTC ($392,355,386)",0.04%,2018-12-05 20:46:45,2021-07-06 15:13:11,55,,,
184,1NJdKoBkKQNg6aYL9HTKyQ5SgfjZQDz3y3,"8,000 BTC ($392,355,386)",0.04%,2018-12-06 5:09:08,2021-06-12 11:57:22,56,,,
185,12mJZGPCWf5C2ap2dUdJiuGr8eWAvi6E5M,"8,000 BTC ($392,355,386)",0.04%,2018-12-06 1:57:15,2021-06-22 7:21:13,56,,,
186,1GBWcQuY5aD6e2zrbdb38j7pizVr2wcJnC,"8,000 BTC ($392,355,386)",0.04%,2018-12-05 22:46:54,2021-06-22 7:21:13,55,,,
187,16H2Fe9MgxZ1jXW3TaXbgWh3SJfwyxQUTp,"8,000 BTC ($392,355,386)",0.04%,2018-12-06 4:22:52,2021-06-22 7:21:13,56,,,
188,1KoiNofDvcUrrVfxgqpRZixWXNXo6d2kfQ,"8,000 BTC ($392,355,386)",0.04%,2018-12-06 1:20:19,2021-06-22 7:21:13,56,,,
189,1FMbcnYvvccZ6hR324cFRpn1QX9TCkqtAe,"8,000 BTC ($392,355,386)",0.04%,2018-12-05 22:46:54,2021-06-22 7:21:13,57,,,
190,1NQWCZqRYvANz3iX1Wnczpm277VEYvcAee,"8,000 BTC ($392,355,386)",0.04%,2018-12-06 4:55:45,2021-06-22 7:21:13,55,,,
191,1T7m8nSs5Yh3YuLNoHPb5ehwN3LRVEchn,"8,000 BTC ($392,355,386)",0.04%,2018-12-05 20:46:45,2021-06-22 7:21:13,55,,,
192,1HG6NbWmJjjSE1Z6oPetWG3nnKrQxgBN3a,"8,000 BTC ($392,355,386)",0.04%,2018-12-05 23:45:47,2021-06-22 7:21:13,54,,,
193,1FrfmxAhYRNU9ebotDHP9FqLbe54QZVcfi,"8,000 BTC ($392,355,386)",0.04%,2018-12-06 5:28:17,2021-06-22 7:21:13,54,,,
194,1FtHBKrYkDchMA1pwRTpYZ77TpfwSgh6iF,"8,000 BTC ($392,355,386)",0.04%,2018-12-06 6:10:20,2021-05-30 15:52:54,54,,,
195,1JeTiSWo8pYWcNaTH4c3CfheAwVDYRoy1Q,"8,000 BTC ($392,355,386)",0.04%,2018-12-06 6:10:20,2021-05-30 15:52:54,68,,,
196,17wADqWPK8wZfpRmPkauviq2VDBmhm82rM,"8,000 BTC ($392,355,386)",0.04%,2020-03-14 9:51:28,2021-05-30 15:52:54,61,,,
197,1AfHER73jneZAEAHNiz5dBKnrzeWcMJM5i,"8,000 BTC ($392,355,385)",0.04%,2020-06-12 20:15:32,2021-05-30 15:52:54,53,,,
198,1NJdqNoC7uPh7MqQhyEynRn9htstEELZDn,"8,000 BTC ($392,355,385)",0.04%,2020-05-06 22:51:08,2021-05-30 15:52:54,64,,,
199,1EUgoa25tkqMUYh7PXzDfqqNP5PtHKZmct,"8,000 BTC ($392,355,385)",0.04%,2020-03-13 22:31:57,2021-05-30 15:52:54,55,,,
200,1LuEe5Xkf1eA493SvsKwjPTS9RkW9JV9N2,"8,000 BTC ($392,355,385)",0.04%,2020-08-07 21:18:04,2021-05-30 15:52:54,62,,,
201,1Ja7G9JJRw8w8WWnMzw7PwYehhiZmhESkC,"8,000 BTC ($392,355,385)",0.04%,2020-07-08 19:13:45,2021-05-30 15:52:54,65,,,
202,15TbabdR3FKJMpRxDeEetezWKGJwdGXbTY,"8,000 BTC ($392,355,385)",0.04%,2020-04-22 21:06:24,2021-05-30 15:52:54,67,,,
203,1PnsNtAqmHQKxyqKS843J9aegdJsXr5rpD,"8,000 BTC ($392,355,385)",0.04%,2020-08-21 15:37:15,2021-05-30 15:52:54,58,,,
204,1CptxmzfRyU2rF3VJ6q8wa2tkh3cm82p9P,"8,000 BTC ($392,355,385)",0.04%,2020-09-13 17:16:57,2021-05-30 15:52:54,59,,,
205,1AXskHt4ZwVZLonZV8BMDxh4V65ec41KMJ,"8,000 BTC ($392,355,384)",0.04%,2020-10-28 18:27:42,2021-05-30 15:52:54,60,,,
206,1JnfbQerGjFHVq28945y1bhoUHpn6vKM9v,"8,000 BTC ($392,355,384)",0.04%,2020-09-14 23:19:34,2021-05-30 15:52:54,61,,,
207,3HLxZqoEHdGPV9oFZQxVfG41z1uP1LrNaJ,"8,000 BTC ($392,355,375)",0.04%,2021-07-27 17:05:37,2021-09-09 23:28:47,2,,,
208,32okkzumvdoocdjN18SzbnTTNd2omQvvt3,"8,000 BTC ($392,355,375)",0.04%,2021-07-27 17:05:37,2021-09-09 23:28:47,2,,,
209,36WQ2FEUnTmt67xXNZgQMSFQZjK6AJxLCZ,"8,000 BTC ($392,355,375)",0.04%,2021-07-27 17:05:37,2021-09-09 23:28:47,2,,,
210,3KUrPEGy9VFeQHZYJSGZpE78X5zf1n48pP,"8,000 BTC ($392,350,459)",0.04%,2021-07-27 16:53:09,2021-09-09 23:28:47,2,,,
211,1BcAtWddaU1jHWgQvM7dpM5SefoVgUHEuC,"7,998 BTC ($392,232,861)",0.04%,2020-03-13 11:28:08,2021-05-30 15:52:54,58,,,
212,1GcPTDtNXuPghJU5qSGvkPQ99nhWrbQaYR,"7,960 BTC ($390,410,955)",0.04%,2020-09-04 5:45:03,2021-05-30 15:52:54,61,,,
213,14ACC7ftHQS6guKJi3FCTEyCw94dHnRZjJ,"7,954 BTC ($390,097,616)",0.04%,2020-02-24 16:58:27,2021-05-30 15:52:54,59,,,
214,1CsAkAsjTTRAuRw39fRQj7pxKn3fjEuYsT,"7,951 BTC ($389,939,601)",0.04%,2020-03-16 1:02:56,2021-06-12 11:57:22,67,,,
215,"15Z5YJaaNSxeynvr6uW6jQZLwq3n1Hu6RX
wallet: 559","7,941 BTC ($389,464,913)",0.04%,2010-04-10 18:02:35,2021-08-01 21:14:31,107,2010-04-10 20:15:16,2010-10-15 8:22:58,60
216,13TM7PLtf1Ujo9t9pk9RSyrv1ts119PNK5,"7,940 BTC ($389,419,960)",0.04%,2020-03-13 5:05:23,2021-05-30 15:52:54,59,,,
217,1GBzbXJmcMjnDyTW2yKJFfeXUGicG1zpC4,"7,930 BTC ($388,917,072)",0.04%,2020-04-28 11:26:08,2021-05-30 15:52:54,64,,,
218,"14HeA1YRUiJGb95HVpVTBuavMUBYGk6y7R
wallet: 74882424","7,921 BTC ($388,500,505)",0.04%,2021-02-09 2:43:17,2021-12-27 14:01:24,183,2021-03-26 16:40:21,2021-12-13 13:37:41,156
219,19yLTkx4jggSnjdiGkkhNwTjZUyY5T8kEA,"7,894 BTC ($387,167,363)",0.04%,2020-04-30 9:31:27,2021-05-30 15:52:54,62,,,
220,"34ovCavdkQgEYbrJk9Q1onhK7uWqq6J7DC
wallet: 45505834","7,876 BTC ($386,282,707)",0.04%,2018-11-27 3:42:08,2021-10-23 0:28:29,109,2018-11-29 0:30:31,2020-07-14 2:20:25,15
221,1GaSQcWg3R98qf5sTWetwjjMh6ehxj25Gp,"7,866 BTC ($385,797,949)",0.04%,2020-06-03 13:59:14,2021-05-30 15:52:54,60,,,
222,13AiVabLoTcYTdaFcFYtpFFmCFagjiUwE2,"7,866 BTC ($385,791,720)",0.04%,2020-08-06 22:06:24,2021-05-30 15:52:54,60,,,
223,12T7nyMrAnd13UAMYCCJZ8Fw7PpMGPRFsi,"7,862 BTC ($385,586,933)",0.04%,2020-05-11 16:46:13,2021-05-30 15:52:54,65,,,
224,1LjUYdf8mQk9DsrVvuPYeHyJKQq5V1MLsT,"7,820 BTC ($383,509,473)",0.04%,2020-03-20 16:00:46,2021-05-30 15:52:54,68,,,
225,1MH8s3qc4F2GZNod1R43qeysSB2ssZCXb,"7,812 BTC ($383,120,839)",0.04%,2020-08-10 13:44:27,2021-05-30 15:52:54,60,,,
226,1KHw7yzqoWto1DCGqn7QihoLmzbYWCqNcR,"7,809 BTC ($383,000,700)",0.04%,2019-07-19 1:08:01,2021-09-09 23:28:47,22,,,
227,1MxQ3uxZRqnh2wWsG8k743x1HLvPqnQvgt,"7,729 BTC ($379,074,360)",0.04%,2021-11-25 15:24:43,2021-11-25 15:24:43,1,,,
228,3HCdgNiAsjidcGx4eeMK9AXvXBfrnteunW,"7,700 BTC ($377,641,996)",0.04%,2017-12-12 16:27:40,2021-09-09 23:28:47,27,,,
229,"bc1q0uelajkrvamkwa3k4gj3hfmmfznhxxlntazqlc
wallet: 79562526","7,555 BTC ($370,532,273)",0.04%,2021-03-01 21:30:04,2021-12-02 19:50:59,36,2021-09-15 0:14:21,2021-09-15 0:14:21,2
230,"33eU1zeB2S4x3p4ccSsnAChXcGJgtMrMtZ
wallet: 82375777","7,547 BTC ($370,116,641)",0.04%,2019-10-07 9:22:01,2021-12-19 19:02:18,22,2021-12-19 17:57:45,2021-12-19 17:57:45,1
231,bc1qk2q9ptkvfrtt3769hh85zvq88jyrulk6zgys2h,"7,500 BTC ($367,842,900)",0.04%,2021-07-27 15:47:45,2021-09-09 23:28:47,6,,,
232,bc1qms2la25qtgh69e7v8eddhsz3gwlfzucwh6v0zvwk8ku36r3mczxq4zlfd5,"7,351 BTC ($360,501,395) / +7351 BTC",0.04%,2021-11-27 18:59:51,2021-11-27 18:59:51,1,,,
233,1JfXLzQvYPZHNzX4vhH6aoetGDfcPD1YEX,"7,300 BTC ($358,024,435)",0.04%,2018-03-05 0:15:39,2021-09-09 23:28:47,24,,,
234,bc1qw0pswznckx7s6tjmd2f5hrx4q6kc5nyrdxku50,"7,107 BTC ($348,553,792)",0.04%,2021-07-25 16:18:37,2021-12-28 5:44:46,147,,,
235,13UjWvGW9HBuUTAvd1P1WgFEekso4SAgvQ,"7,095 BTC ($347,957,279) +7095 BTC / +7095 BTC",0.04%,2021-12-28 1:09:19,2021-12-28 1:26:22,3,,,
236,1B4U28Yc1JmSQbpzzSfavEskTPMvBRphyD,"7,082 BTC ($347,312,581)",0.04%,2020-11-02 23:43:16,2021-05-30 15:52:54,54,,,
237,19VTgHTWhM8xi32mDuCLR3kAgamRMahTu5,"7,080 BTC ($347,243,349)",0.04%,2020-11-21 10:07:43,2021-08-11 20:15:01,29,2020-11-23 15:43:44,2021-07-23 10:47:45,27
238,13eEt6myAo1zAC7o7RK5sVxxCNCAgd6ApH,"7,000 BTC ($343,317,691)",0.04%,2017-10-17 13:45:49,2021-09-09 23:28:47,22,,,
239,1DzjE3ANaKLasY2n6e5ToJ4CQCXrvDvwsf,"7,000 BTC ($343,311,157)",0.04%,2011-05-27 18:03:02,2021-07-27 10:37:36,42,,,
240,15YMdTNT83UJqfpaZfDccy9yBYQFxHxVFt,"7,000 BTC ($343,310,966)",0.04%,2018-04-20 21:26:04,2021-09-09 23:28:47,24,,,
241,324rP14bzX8kW1JWt1J8ohZjDFyt2G68Kq,"7,000 BTC ($343,310,265)",0.04%,2019-02-16 17:13:01,2021-09-09 23:28:47,24,,,
242,1FJuzzQFVMbiMGw6JtcXefdD64amy7mSCF,"6,999 BTC ($343,262,015)",0.04%,2010-11-08 17:32:00,2021-05-30 15:52:54,32,,,
243,38C7LhtsbanuGUxeXguEvm2Gm2pSN2K175,"6,990 BTC ($342,820,997) +6990 BTC / +6990 BTC",0.04%,2021-12-22 15:43:15,2021-12-22 15:43:15,1,,,
244,1Ac6fUJ2Uw4cdXu3YFjCsSqnQGRb7KW1Ec,"6,989 BTC ($342,771,081)",0.04%,2021-10-12 15:58:10,2021-10-12 15:58:10,1,,,
245,bc1qv9ukpugdg86zstx8gzckcqtzjs6quypr3ksm4t,"6,980 BTC ($342,343,000)",0.04%,2021-03-11 15:37:20,2021-12-17 19:38:05,9,2021-04-01 9:51:51,2021-12-17 19:38:05,6
246,186XqVoL7TGxR3osoo4xn32wbYtb527raY,"6,977 BTC ($342,169,248)",0.04%,2021-05-07 6:33:06,2021-09-09 23:28:47,3,,,
247,bc1qzxwdcxqj36ane625hkgjpg6p0pjg79u29qyrus,"6,901 BTC ($338,455,562)",0.04%,2021-07-25 16:30:01,2021-09-09 23:28:47,26,,,
248,"31k2z8HocUWMCMXBkXREPiXNgK2fB3iLwo 2-of-3
wallet: 53307598","6,900 BTC ($338,430,637)",0.04%,2019-08-06 22:24:19,2021-12-18 8:46:10,44,2019-08-07 9:12:40,2021-05-11 12:07:32,18
249,1Ac2JdpQ5c9NeSajdGx6dofxeXkn4S35ft,"6,878 BTC ($337,313,852)",0.04%,2017-07-29 5:55:33,2021-09-09 23:28:47,27,,,
250,"35h49kvohPx5Pmtpt26P8o3KuSczsFLo23
wallet: 61655707","6,839 BTC ($335,395,667)",0.04%,2021-04-29 11:47:57,2021-12-28 4:47:44,2674,2021-04-29 14:41:27,2021-12-28 6:16:22,2085
251,39ARNYJHoNoVJw5f9fBgn7qcec4r91gsQ8,"6,700 BTC ($328,596,547)",0.04%,2020-11-26 11:11:28,2021-09-09 23:28:47,10,,,
252,1LVBnipcnkwqHKaXcHeV9gcbPMvByaJkqk,"6,522 BTC ($319,887,757)",0.03%,2017-07-31 18:56:01,2021-09-09 23:28:47,20,,,
253,1AYLzYN7SGu5FQLBTADBzqKm4b6Udt6Bw6,"6,512 BTC ($319,375,399)",0.03%,2011-04-24 2:40:50,2021-11-09 14:40:33,28,,,
254,1NpZcfBnaJeoRT9ZqwZVRMw3SRs546VsuE,"6,507 BTC ($319,143,501)",0.03%,2014-04-14 20:50:10,2021-12-03 12:53:57,192,2014-04-14 20:50:10,2020-12-04 0:18:39,74
255,3C6RQUbZ2P3izhw6LDD7gcXhYCp6PjFehb,"6,500 BTC ($318,788,751)",0.03%,2021-10-19 2:48:17,2021-10-20 2:07:09,2,,,
256,356Zz26iW3tYd1xWJjVGa8CPbjC9W5EW9f 2-of-5,"6,500 BTC ($318,767,264)",0.03%,2018-10-31 23:16:32,2021-07-22 21:33:44,18,2020-08-21 22:06:31,2021-07-22 21:33:44,3
257,bc1q8usjtaxjazfulcf25lxptktlazk3hwykm08xtv,"6,473 BTC ($317,452,476)",0.03%,2021-07-31 14:26:02,2021-09-09 23:28:47,2,,,
258,19pnUzv5KHALEu3DRpyHogT6N3BeHbqJrS,"6,449 BTC ($316,272,975)",0.03%,2019-05-17 4:32:08,2021-12-24 16:28:25,96,2019-05-18 5:03:59,2021-12-24 16:28:25,95
259,"bc1qyd2k46lzcrt3cd3z0nrt9d99z6xnzvyn2r83a5z9xfg8adpyp0ss53fnz4
wallet: 74771965","6,405 BTC ($314,129,470)",0.03%,2021-02-04 15:17:46,2021-06-04 8:38:37,9,2021-03-25 22:28:25,2021-03-25 22:28:25,1
260,bc1qqgqm9483vcnxehygx99hmh42mzrat4v692w5tfuzfgr07def6d3stlrz06,"6,398 BTC ($313,802,763)",0.03%,2021-09-15 4:40:07,2021-12-24 14:19:58,399,2021-09-15 6:12:03,2021-11-12 9:57:59,349
261,1JxmKkNK1b3p7r8DDPtnNmGeLZDcgPadJb,"6,316 BTC ($309,759,943)",0.03%,2013-04-25 2:47:34,2021-09-09 23:28:47,29,,,
262,1FZcb6BU1ZbHQJcby7vDF2Na1z9UmkGSSG,"6,304 BTC ($309,166,750)",0.03%,2020-12-18 18:43:19,2021-12-22 2:48:09,119,,,
263,1JFUG5K3HidvfJD4R7nKyDJikmFpPcBB2,"6,304 BTC ($309,166,750)",0.03%,2020-12-18 7:24:18,2021-12-22 2:48:09,126,,,
264,1M14kQL3zfyEAHx6JCM3gsZyAxyiSDMWdp,"6,303 BTC ($309,120,409)",0.03%,2020-12-17 5:25:55,2021-12-06 16:57:34,119,,,
265,1JECFWTZsRw65y65DEVR2djXv2KMYfuo7A,"6,303 BTC ($309,120,409)",0.03%,2020-12-12 12:35:00,2021-12-06 16:47:28,81,,,
266,1K8QG4fuswaWFZ2fmmuxVKaWibi9H95iGw,"6,303 BTC ($309,120,409)",0.03%,2020-11-30 18:53:04,2021-12-06 16:47:28,76,,,
267,1361wC48gW19mKAJmAkdXScLZKYdXgViS9,"6,303 BTC ($309,120,409)",0.03%,2020-12-16 17:48:42,2021-12-06 16:57:34,125,,,
268,1JKDzFHcb6KBybKSquvMw1FrxXhvBdMiB5,"6,303 BTC ($309,120,409)",0.03%,2020-12-04 21:50:37,2021-12-06 16:47:28,78,,,
269,14vbdGfYS7UKMvc4334UZDvTMPFA2G7zCB,"6,303 BTC ($309,120,409)",0.03%,2020-11-26 22:50:44,2021-12-06 16:47:28,65,,,
270,19RtRzXV5px91eMbWZFCWLZRUeQX5XxxnJ,"6,303 BTC ($309,120,409)",0.03%,2020-12-17 17:10:28,2021-12-06 16:57:34,124,,,
271,1Mt6STNGoHGuDziUSCagqTGNGrbDFSBxRn,"6,303 BTC ($309,120,409)",0.03%,2020-12-15 19:44:52,2021-12-06 16:47:28,126,,,
272,1DwSAnZw4Gk9FotgWZhRb3Nzqi4PLdU8M,"6,303 BTC ($309,120,409)",0.03%,2020-12-01 19:17:01,2021-12-06 16:47:28,81,,,
273,1C1sUtw6fYa1Yr5wexrH2ayT1ZykD9Sobx,"6,298 BTC ($308,881,830)",0.03%,2020-12-19 18:11:23,2021-12-22 3:40:13,116,,,
274,"19msUPsm7cHG8pGTavUr2AeZJsoRTNju1P
wallet: 42460039","6,226 BTC ($305,335,684)",0.03%,2018-09-05 7:10:02,2021-12-28 8:26:28,7039,2018-09-05 10:22:01,2021-12-02 6:12:05,6836
275,1LBBmkr9muf7RjjBbzQQvzNQpRRaVEnavs,"6,200 BTC ($304,075,507)",0.03%,2013-12-07 4:23:51,2021-09-09 23:28:47,30,,,
276,1LMUQBJXJP3zHSwd1GVUK1C8d734ru2Ev7,"6,187 BTC ($303,437,815) / +6187 BTC",0.03%,2021-12-06 23:39:51,2021-12-13 22:37:12,5,,,
277,1ChKtLkwqN4CXLDLF46cBYGiZsiteDioCQ,"6,160 BTC ($302,123,648) / +6160 BTC",0.03%,2021-11-27 2:44:06,2021-11-27 3:13:23,3,,,
278,18SN8PV997oDGtYmTPPD55GDaPtNNEGWeu,"6,104 BTC ($299,352,575)",0.03%,2019-06-09 16:39:23,2021-11-09 1:56:47,111,2019-06-10 14:48:46,2021-02-06 0:25:16,57
279,3JsY8m7nG2K2siHXzqto612u36hAzF7C6X,"6,097 BTC ($299,004,152)",0.03%,2021-03-01 12:59:18,2021-12-27 20:43:41,33,2021-08-17 17:13:57,2021-12-27 20:43:41,11
280,1JdTWTAubsDWXWd7wcsFwMuSapMBh6efrQ,"6,072 BTC ($297,773,239)",0.03%,2013-12-19 5:54:47,2021-10-10 22:54:55,34,,,
281,"bc1qww95hxxsm469pjt83qnxfqvfur38hdlpsfksrhtt2y6kjqst5mzszhv4z7
wallet: 74771965","6,050 BTC ($296,718,301)",0.03%,2021-01-13 15:53:42,2021-12-23 13:33:12,53,2021-02-04 14:29:24,2021-12-23 13:33:12,52
282,3JPauiFhP4K3AevmgNMFfMSN7pLZbuADJQ,"6,001 BTC ($294,315,590)",0.03%,2020-06-01 11:08:08,2021-06-22 7:21:13,32,2020-06-01 11:34:04,2021-02-10 5:15:06,5
283,1J3B2ucUpWjWPPpejUCoLN93Gwz3q65CTd,"6,000 BTC ($294,266,566)",0.03%,2019-07-24 20:35:27,2021-09-09 23:28:47,17,,,
284,"14m3sd9HCCFJW4LymahJCKMabAxTK4DAqW
wallet: 59995019","5,992 BTC ($293,874,157)",0.03%,2020-03-09 4:20:10,2021-12-17 12:33:24,732,2020-03-09 7:59:21,2021-12-27 2:14:29,724
285,138EMxwMtKuvCEUtm4qUfT2x344TSReyiT,"5,908 BTC ($289,733,018)",0.03%,2017-12-14 20:38:10,2021-09-09 23:28:47,25,,,
286,18oP9DDaxKrC3XTMC2kZK1wLDGwUcky2oR,"5,874 BTC ($288,102,236)",0.03%,2020-10-23 21:08:06,2021-12-24 16:28:25,74,2020-11-05 22:20:09,2021-12-24 16:28:25,73
287,35vGkkxF6wr4n9CLYi35ufZY4T5vP4wEqE,"5,867 BTC ($287,739,755)",0.03%,2020-12-31 23:34:48,2021-09-09 23:28:47,9,,,
288,"bc1qhm45cy7psm88yhu3564v7mchzxqzdx0hr5vk39
wallet: 56622962","5,863 BTC ($287,547,644)",0.03%,2020-08-20 22:08:22,2021-12-27 21:35:37,5869,2020-08-20 22:50:32,2021-12-27 21:35:37,5842
289,"3FpYfDGJSdkMAvZvCrwPHDqdmGqUkTsJys
wallet: 68880850","5,769 BTC ($282,926,792)",0.03%,2020-06-18 7:32:47,2021-12-28 6:56:25,2225,2020-06-18 8:33:58,2021-12-25 3:53:43,2122
290,13n67sFKgqLDKp8gx8Xvm6scdfY4ZeaU8p,"5,700 BTC ($279,557,273)",0.03%,2017-09-21 18:00:01,2021-05-01 21:12:03,45,2017-11-24 7:31:19,2019-10-24 8:13:57,8
291,3R2Hzkp1vKi5TNuLdUTiQphJQA6SKLa7zS,"5,650 BTC ($277,117,091)",0.03%,2020-08-18 1:30:29,2021-09-09 23:28:47,11,,,
292,3EXLwuu7efTpjqfFSCe37vYLr7NWRRF4eN,"5,632 BTC ($276,196,316) / +5632 BTC",0.03%,2021-12-17 20:47:56,2021-12-23 0:17:37,2,,,
293,"16rHb8gSWsywJLX37wq7SRJqe63uUj2dFv
wallet: 45235552","5,625 BTC ($275,875,048)",0.03%,2018-10-01 19:09:24,2021-09-28 17:51:36,49,2018-11-19 18:24:51,2021-12-01 22:44:41,25
294,1DR93bfKVCUJkDvPuxbUAEtzYRaJEnwjNt,"5,600 BTC ($274,648,746)",0.03%,2017-10-06 20:06:13,2021-09-09 23:28:47,25,,,
295,1CCqLR8YrUMPFgYZWwLW8FkezbFjfeXD8n,"5,595 BTC ($274,419,366)",0.03%,2018-02-08 8:48:35,2021-09-09 23:28:47,22,,,
296,19GEVekmu7wAgPFNcQNFHE7SYoj2snindR,"5,555 BTC ($272,441,781) / +5555 BTC",0.03%,2021-12-01 18:42:23,2021-12-14 18:36:52,13,,,
297,bc1quv866t7ke929gxttpgc2u30ffnczpgfrjugwxv,"5,500 BTC ($269,744,327)",0.03%,2021-01-13 15:47:30,2021-09-09 23:28:47,9,,,
298,1Jf6iTPDMsLEmp8SbBAgBmFr9ajCLCpmXo,"5,417 BTC ($265,649,135) +5417 BTC / +5417 BTC",0.03%,2021-12-24 21:50:55,2021-12-24 22:27:38,3,,,
299,bc1qg5uwrqxs4pugdqruyk2jujvqykhjvkj4t672uqcleqerr49st5dsp6tpnt,"5,366 BTC ($263,156,903)",0.03%,2021-10-20 23:21:27,2021-10-20 23:21:27,1,,,
300,3HroDXv8hmzKRtaSfBffRgedKpru8fgy6M 2-of-3,"5,285 BTC ($259,217,543)",0.03%,2019-05-12 23:41:50,2021-06-29 1:09:01,157,2019-05-12 23:59:33,2021-06-29 1:09:01,97
301,3H3b3kxRwoKDnJbdV2JdhJ5h7iPsHgFN4B,"5,256 BTC ($257,766,854)",0.03%,2021-08-31 15:01:14,2021-09-09 23:28:47,2,,,
302,34Knfd3NYNomfaCTzMbL5mAcYHuMFwWP7Y,"5,241 BTC ($257,025,257)",0.03%,2021-10-15 6:17:22,2021-10-29 15:31:11,4,,,
303,"1JehwyndFWmo4Q4DYRoATM32Dq18SpQycB
wallet: 75561360","5,228 BTC ($256,408,850)",0.03%,2021-04-13 16:18:25,2021-12-09 11:29:58,42,2021-04-20 5:58:11,2021-08-23 11:05:09,27
304,1DJBriyDMUJhpDezeyxmKJrZiUMbpBCddP,"5,227 BTC ($256,352,024)",0.03%,2021-09-15 3:59:10,2021-10-05 9:57:35,7,,,
305,19tiUa9nsPTgaqWNHaM9QyCfv4Wm9dVeYa,"5,225 BTC ($256,246,566)",0.03%,2020-12-21 16:53:02,2021-12-22 11:41:35,82,,,
306,3QhAtiUeg2HyxgvxJsXHUXs4mx4Uwz8wEG,"5,210 BTC ($255,512,811)",0.03%,2021-01-06 22:07:21,2021-09-09 23:28:47,12,,,
307,1BVtDi7txPCG2TH5Crd2Rw5MtpivbmoKgB,"5,186 BTC ($254,331,122)",0.03%,2017-06-12 22:43:56,2021-09-09 23:28:47,22,,,
308,"bc1qnr5uamqppeh7dknkfrhy0fx2er2p0s5n9cg9hh
wallet: 69007008","5,177 BTC ($253,883,362)",0.03%,2020-08-24 20:35:11,2021-12-07 22:17:39,52,2020-11-03 15:51:13,2021-12-07 22:17:39,51
309,18i8D9BACP5Wkha3UtUdr65uirSKJyT14N,"5,129 BTC ($251,565,920)",0.03%,2018-12-17 0:56:02,2021-12-22 19:39:27,213,2019-05-01 2:47:30,2021-12-07 17:25:24,195
310,bc1qwlaa0fh33dkue4f320fqcqh9wnrf7mfswxrj4v,"5,119 BTC ($251,078,619) +5119 BTC / +5119 BTC",0.03%,2021-12-27 19:18:35,2021-12-27 19:18:35,1,,,
311,12CEGvJfHFCVGGUBTTA5yUaPHhchBPpuZK,"5,104 BTC ($250,339,531)",0.03%,2020-12-25 13:10:51,2021-11-30 9:33:46,57,2021-01-02 10:06:48,2021-11-23 13:33:00,43
312,1Mq54q43p6iCssCStAQt1gQubPciUfboL2,"5,095 BTC ($249,881,470)",0.03%,2021-08-18 6:00:34,2021-11-29 17:53:10,8,2021-08-25 17:55:43,2021-08-25 17:55:43,1
313,3FAxrWQVgNNUZ4FCjRQgzDbce1vTyonzwC,"5,084 BTC ($249,348,557)",0.03%,2018-10-22 20:18:34,2021-09-16 14:22:30,34,2018-10-22 21:42:39,2021-09-16 14:22:30,10
314,"1BeouDc6jtHpitvPz3gR3LQnBGb7dKRrtC
wallet: 7507428","5,075 BTC ($248,900,522)",0.03%,2014-02-21 3:04:52,2021-05-29 7:13:09,116,2014-11-08 18:23:04,2014-11-08 18:23:04,6
315,15n6boxiQj45oHcmDjtNMjh35sFWZX4PBt,"5,002 BTC ($245,296,408)",0.03%,2013-12-19 5:52:50,2021-09-24 20:14:37,32,,,
316,31i92LvmPTvBqi1F6wu81Ex1bUMMs143d6 2-of-3,"5,001 BTC ($245,271,161)",0.03%,2019-09-24 17:25:26,2021-05-29 7:13:09,15,2019-09-25 0:35:19,2019-09-25 0:35:19,1
317,1ARWCREnmdKyHgNg2c9qih8UzRr4MMQEQS,"5,000 BTC ($245,223,079)",0.03%,2011-05-17 16:09:56,2021-05-29 7:13:09,30,,,
318,18xGHNrU26w6HSCEL8DD5o1whfiDaYgp6i,"5,000 BTC ($245,222,687)",0.03%,2013-12-19 5:54:47,2021-05-29 7:13:09,32,,,
319,3JkfTdGnpNhK5xBjP6BzRsitZqnnVjQV1B,"5,000 BTC ($245,222,405)",0.03%,2021-04-01 17:58:50,2021-05-29 7:13:09,4,,,
,,,,,,,,,
320,bc1qlfmc6nv27d62s6zygjnjt6wm28klfh2gltg6ym,"5,000 BTC ($245,222,228) / +5000 BTC",0.03%,2021-12-03 6:04:35,2021-12-03 6:04:35,1,,,
321,1LH1dY82QFtNGinBpCakU5WcTUKRyuztTz,"5,000 BTC ($245,222,216)",0.03%,2020-06-21 11:29:29,2021-05-29 7:13:09,23,2020-06-21 12:53:48,2020-06-21 12:53:48,1
322,16Jka2DrvEGGJ6ks2kXRpxmQZLQmAFRoGk,"5,000 BTC ($245,222,212)",0.03%,2019-05-29 14:54:22,2021-05-29 7:13:09,16,,,
323,19z6WynrjHeD5MMv6919BuQRwybuen1sRv,"5,000 BTC ($245,222,191)",0.03%,2014-04-16 20:07:07,2021-05-29 7:13:09,31,,,
324,1NQEV6T4avmPqUVTvgsKkeB6yc8qnSWfhR,"5,000 BTC ($245,222,191)",0.03%,2014-04-16 19:53:08,2021-05-29 7:13:09,31,,,
325,14RKFqH45xYPMpW4KQ28RB6XtrZ8XpEM5i,"5,000 BTC ($245,222,191)",0.03%,2013-12-19 5:54:47,2021-05-29 7:13:09,30,,,
326,1DaCQDfStUgkPQXcf53Teeo6LPiKcVMBM9,"5,000 BTC ($245,222,191)",0.03%,2014-04-16 19:27:15,2021-05-29 7:13:09,30,,,
327,1NJQZhzYac89fDhQCmb1khdjekKNVYLFMY,"5,000 BTC ($245,222,191)",0.03%,2014-04-16 19:45:14,2021-05-29 7:13:09,30,,,
328,bc1q3nkt8j6rphj6ry7jynanqn8j82f9d5fxkan659,"5,000 BTC ($245,222,143) / +5000 BTC",0.03%,2021-11-30 5:15:56,2021-11-30 5:15:56,1,,,
329,12ytiN9oWQTRGb6JjZiaoWMAvF9nPWdGX1,"5,000 BTC ($245,222,120)",0.03%,2017-07-29 5:39:12,2021-05-29 7:13:09,24,,,
330,bc1qdxsg7cfsqrg8sq3cs8ptsafqs6drtyuxswrqga,"5,000 BTC ($245,222,114)",0.03%,2021-04-12 20:49:11,2021-05-29 7:13:09,3,,,
331,3614b2ESvKP4uc6N62AmsRXPMoJXduByUQ,"5,000 BTC ($245,222,101)",0.03%,2021-07-02 22:59:55,2021-07-02 22:59:55,1,,,
332,1LXzGrDQqKqVBqxfGDUyhC6rTRBN5s8Sbj,"5,000 BTC ($245,222,042)",0.03%,2019-11-01 20:09:34,2021-05-29 7:13:09,14,2019-11-02 0:34:32,2020-10-14 15:43:38,3
333,1LQKFmdYrN9egC5grf8Thbcuwwv4sE4RvP,"5,000 BTC ($245,221,976)",0.03%,2019-07-20 0:04:35,2021-05-29 7:13:09,18,,,
334,bc1qhpfj9m5fs5f9gsxswaeqdxsxf9ywcflyhufl9r076h0dlzussyts82dr3r,"5,000 BTC ($245,221,622) +5000 BTC / +5000 BTC",0.03%,2021-12-21 12:15:01,2021-12-21 12:15:01,1,,,
335,3Gwrxf8xyr4CnLBbkjryq5ooL4EdnG1cbb,"5,000 BTC ($245,221,611)",0.03%,2021-07-02 22:25:30,2021-07-02 22:25:30,1,,,
336,32oEtrz9S8KSG2KzN46wrBFHnp4moKBEnX,"5,000 BTC ($245,221,611)",0.03%,2021-07-02 22:25:30,2021-07-02 22:25:30,1,,,
337,1M1WMEzrtYn5SFa7DkixAkaA4AyJ3kYrLY,"5,000 BTC ($245,221,087)",0.03%,2020-03-23 15:53:59,2021-05-29 7:13:09,19,2021-04-28 12:26:26,2021-04-28 12:26:26,1
338,3Kz7riZGm6jACW9sGM7W2QXC9ErmoqDeam,"5,000 BTC ($245,217,301)",0.03%,2021-05-12 12:48:41,2021-05-29 7:13:09,2,,,
339,bc1ql487vawj5fqzstprlxvw84au97wxgpke7kydj223glv4g8e8e5wqadct2k,"4,960 BTC ($243,260,336) / +4960 BTC",0.03%,2021-12-16 17:45:01,2021-12-16 17:45:01,1,,,
340,bc1qnjnvka54n70rc3asl34jfkyw3hwn50n8kz4snm,"4,910 BTC ($240,808,351)",0.03%,2021-09-15 0:14:21,2021-09-15 0:14:21,1,,,
341,13s2ce5YSeVeJbdjCA54r5WykWPYZg3gJH,"4,900 BTC ($240,337,269)",0.03%,2021-09-20 20:28:03,2021-09-20 20:28:03,1,,,
342,1Btud1pqADgGzgBCZzxzc2b1o1ytk1HYWC,"4,900 BTC ($240,317,678)",0.03%,2017-06-13 9:58:25,2021-05-29 7:13:09,24,,,
343,1BXZng4dcXDnYNRXRgHqWjzT5RwxHHBSHo,"4,900 BTC ($240,317,678)",0.03%,2017-06-13 9:58:25,2021-05-29 7:13:09,23,,,
344,1FXHxbZ8HiGDCUrkainA9RKzqfHHkGi1hu,"4,889 BTC ($239,766,954)",0.03%,2020-09-24 15:21:18,2021-08-25 10:57:50,31,2020-09-25 15:36:39,2021-08-25 10:57:50,6
345,1BvNwfxEQwZNRmYQ3eno6e976XyxhCsRXj,"4,881 BTC ($239,392,781)",0.03%,2013-04-25 3:03:29,2021-05-29 7:13:09,32,,,
346,1Ajasj1TvDsNcTviecd4PpiaamS5N5tVzz,"4,855 BTC ($238,110,873) +4855 BTC / +4855 BTC",0.03%,2021-12-24 17:37:22,2021-12-24 17:47:32,3,,,
347,1FVd6EEQnfq8UPDTzfcCBKZTR4uGGJzbgH,"4,847 BTC ($237,723,225)",0.03%,2020-07-20 22:54:14,2021-05-29 7:13:09,23,,,
348,35j7hbYS9QnKHgdrJF4MozcYwax11J58DT,"4,820 BTC ($236,371,554)",0.03%,2021-02-26 1:13:46,2021-05-29 7:13:09,5,,,
349,17spLhCpZVdQXFz2ZL1aP5gRci6RFVNhrD,"4,817 BTC ($236,246,450)",0.03%,2018-05-17 17:38:09,2021-05-29 7:13:09,23,,,
350,1LhGPB4qCaQvup5xpfoeyzoKwjxUDodmDK,"4,794 BTC ($235,135,386)",0.03%,2021-01-14 0:46:49,2021-12-16 16:55:43,43,2021-01-14 22:22:05,2021-12-16 16:55:43,42
351,1Miy5sJZSamDZN6xcJJidp9zYxhSrpDeJm,"4,792 BTC ($235,020,956)",0.03%,2013-12-21 5:44:50,2021-05-29 7:13:09,32,,,
352,bc1q9w4g79ndel72lygvwtqzem67z6uqv4yncvqjz3yn8my9swnwflxsutg4cx,"4,765 BTC ($233,713,560) / +4765 BTC",0.03%,2021-12-05 8:01:20,2021-12-20 4:00:26,5,2021-12-18 16:10:27,2021-12-18 16:10:27,1
353,bc1qcua0lyx64uwt4zf7glvjp9tlmnhuat2l538z0k,"4,760 BTC ($233,455,709)",0.03%,2021-09-14 8:38:21,2021-09-14 8:38:21,1,,,
354,1AaJfJbaoP553HGpmXvqYwZ9a9q8SE9NgX,"4,755 BTC ($233,196,209)",0.03%,2020-08-26 22:11:49,2021-05-29 7:13:09,15,,,
355,1Fo497ay4yuv3zQoN9hDWTGuNb33ciioR3,"4,750 BTC ($232,961,013)",0.03%,2020-08-26 22:11:49,2021-05-29 7:13:09,14,,,
356,bc1qncsa0qdrgsr58303gsnuwhd5vrm7hlkpd6klmf,"4,741 BTC ($232,537,675)",0.03%,2021-07-27 13:33:41,2021-07-27 14:36:49,3,,,
357,14UeyAD9rQCSJgdJzuzFgShq84gW62Bsat,"4,716 BTC ($231,307,123)",0.02%,2021-02-05 11:39:48,2021-06-25 17:34:27,66,,,
358,147sPaNaqeyQp8GS2oAUajhb9d4PZ9xAv9,"4,716 BTC ($231,307,123)",0.02%,2021-01-03 2:51:23,2021-06-25 17:34:27,57,,,
359,1D3mERfHYY2e96HKUZUsXX7HqHkqUFEadv,"4,708 BTC ($230,912,838)",0.02%,2021-02-05 12:33:31,2021-06-25 16:56:52,66,,,
360,"3QsGsAXQ4rqRNvh5pEW55hf3F9PEyb7rVq 2-of-3
wallet: 71391609","4,707 BTC ($230,844,668)",0.02%,2019-10-14 13:53:00,2021-12-28 6:16:22,12857,2020-11-30 23:05:08,2020-12-30 16:16:00,716
361,1NFPNeet3ygvVZtDbxYeLECfs7g7vH8PSV,"4,704 BTC ($230,684,706)",0.02%,2021-01-04 21:50:37,2021-06-25 15:57:58,53,,,
362,1Kq6hXXiSpdp9bg9hDDyqm8ZfvgZmzchjn,"4,699 BTC ($230,479,183)",0.02%,2017-10-25 8:51:18,2021-05-29 7:13:09,23,,,
363,19CkUw43czT8yQctnHXNiB5ivNtibWbzqS,"4,696 BTC ($230,333,136)",0.02%,2021-02-03 16:20:39,2021-06-25 15:48:18,71,,,
364,1DFv3qVAbravZBZqHmoEphMDtTs2zXPYXk,"4,696 BTC ($230,333,136)",0.02%,2021-01-31 20:04:07,2021-06-25 15:48:18,62,,,
365,1JCozFUFS5TBAAbnrr9jRWDVQURo2kGeRq,"4,687 BTC ($229,873,781)",0.02%,2021-01-27 19:48:47,2021-06-25 15:05:56,52,,,
366,18gYq8BpkbcizC4jZ9zyQxo2NBVEQ2p4hM,"4,687 BTC ($229,873,781)",0.02%,2021-01-15 2:30:13,2021-06-25 15:01:35,49,,,
367,14Ngt4akcnVgaoAMxoMqz9rPcP3bYsGbbM,"4,687 BTC ($229,873,781)",0.02%,2021-01-15 2:17:51,2021-06-25 15:01:35,52,,,
368,1NSbFq6rCeSC1p2EBrov5R1uUTFRBu8tcs,"4,687 BTC ($229,873,781)",0.02%,2021-01-19 2:12:25,2021-06-25 15:01:35,50,,,
369,16b8LpbDa38xrAQHVVDrC3xyztPdRaX5a2,"4,687 BTC ($229,873,781)",0.02%,2021-01-15 2:30:13,2021-06-25 15:01:35,49,,,
370,18QCiLiXhko8pb4rqv3mCtC834tSTWHNij,"4,687 BTC ($229,873,781)",0.02%,2021-01-04 22:01:57,2021-06-25 15:01:35,55,,,
371,1PjPfocmxS262puhYqUwaagE9zBJTZHGwK,"4,687 BTC ($229,873,781)",0.02%,2021-01-19 2:12:25,2021-06-25 15:01:35,52,,,
372,1HmiKJMQH4569UMpeGX2QStUfpjx7pBKhW,"4,687 BTC ($229,873,781)",0.02%,2021-01-15 2:30:13,2021-06-25 15:01:35,49,,,
373,1FvkWMMH9MDMACHqynrerzduaQ5AjjZKDA,"4,664 BTC ($228,736,503)",0.02%,2021-02-04 18:39:41,2021-06-25 16:26:10,69,,,
374,1MJZLeLbsoSf2kuDr5gAX3QE93BvhvqkCC,"4,651 BTC ($228,128,295)",0.02%,2021-01-20 6:51:48,2021-06-25 15:01:35,58,,,
375,1HvZQX9XkFFaNa8d5VpwMcYkyebyp6cCXM,"4,644 BTC ($227,769,475)",0.02%,2021-02-03 23:09:51,2021-06-25 15:57:58,71,,,
376,3CG73de45sR9cYLFAkzF6peRai1Q44R923 4-of-8,"4,634 BTC ($227,250,105)",0.02%,2019-12-05 17:33:02,2021-12-08 17:55:14,23,2020-08-26 20:21:54,2020-08-26 20:21:54,1
377,3L9hddHJMnpE1qzofQ2TSvMiiMf5ejX1Yw,"4,610 BTC ($226,080,203)",0.02%,2019-05-09 4:42:42,2021-05-29 7:13:09,21,2019-05-09 9:37:02,2019-07-08 16:56:59,3
378,3Pv6S8ZEcQLmXigA694aUZhVmnLUjNzxcc,"4,600 BTC ($225,604,349)",0.02%,2019-07-11 19:44:14,2021-05-29 7:13:09,16,,,
379,33ZNiyx5Z5CMkULX7ENvcKKxFNCzGJv5vQ 2-of-2,"4,585 BTC ($224,878,670)",0.02%,2018-07-06 12:17:44,2021-10-02 10:38:22,43,2020-02-19 10:14:49,2021-06-10 10:33:56,27
380,18VmXvkF4cgLi35RtMiHHDpvMjUCyVpQ9x,"4,582 BTC ($224,718,963)",0.02%,2020-03-03 2:55:40,2021-05-29 7:13:09,15,,,
381,"1zgmvYi5x1wy3hUh7AjKgpcVgpA8Lj9FA
wallet: 39102749","4,577 BTC ($224,452,508)",0.02%,2018-04-03 15:28:45,2021-12-28 8:26:28,61221,2018-05-18 17:59:47,2021-12-28 8:26:28,60652
382,1DDWbJhKqfidczaHF1ugGP2KzPgcaU3tGD,"4,575 BTC ($224,368,076)",0.02%,2021-02-05 12:33:31,2021-06-25 17:34:27,67,,,
383,16aEn4p6hK4FMpLtJGpoQZMZ946sDg1Z6n,"4,503 BTC ($220,859,726)",0.02%,2016-03-06 9:03:46,2021-05-29 7:13:09,27,,,
384,bc1q4xq9m2fd30nxd6n6rkhstd3qxd3a33573afy6y,"4,500 BTC ($220,700,189)",0.02%,2019-08-05 12:03:00,2021-05-29 7:13:09,17,,,
385,bc1quchdh8qk9wx40agh5ywnkrwsdqstlcp80aw6ey,"4,500 BTC ($220,699,904)",0.02%,2019-08-04 18:00:57,2021-05-29 7:13:09,17,,,
386,3Lbq2WhmgnFiuPpasWqD8CrTo4X9cubreT,"4,500 BTC ($220,699,902)",0.02%,2021-08-20 7:27:23,2021-09-12 18:01:56,10,,,
387,bc1qezn9rjetad3k9mcd9zzhmv56ypjz7qv0tssn07,"4,500 BTC ($220,699,902)",0.02%,2019-08-05 5:05:01,2021-05-29 7:13:09,16,,,
388,bc1qsnd6zut5n59cfha2vynepgxh7ppq4rcfsu09za,"4,500 BTC ($220,699,901)",0.02%,2019-08-06 3:34:07,2021-05-29 7:13:09,15,,,
389,bc1qhvfd4368afv89qdncra8l9r0g35y7jwflwe056,"4,500 BTC ($220,699,901)",0.02%,2019-08-04 13:30:03,2021-06-09 4:35:57,16,,,
390,bc1qyf240gfzmgmwemxhrwnep5fe4z3a067vy3mr36,"4,500 BTC ($220,699,901)",0.02%,2019-08-05 8:56:52,2021-05-29 7:13:09,15,,,
391,bc1quffts3c992h6jjur98pwn3ga7jerj4ljee26ss,"4,500 BTC ($220,699,901)",0.02%,2019-08-06 7:09:50,2021-05-29 7:13:09,14,,,
392,bc1qfkdljt8e3hqqk43nz7wsl4usrylsp4rl5d62p4,"4,500 BTC ($220,699,859)",0.02%,2020-12-28 20:43:53,2021-05-29 7:13:09,8,,,
393,bc1qxhkn652vt72zy9n2s3mkv2dk5y7ny7dmt02lr4,"4,500 BTC ($220,699,858)",0.02%,2020-12-28 20:43:53,2021-05-29 7:13:09,8,,,
394,"3ANziRvoBdNGkmGopgyhvzPuBvcL8sRL7S
wallet: OKEX-coldwallet","4,494 BTC ($220,389,031)",0.02%,2020-12-21 17:00:12,2021-12-21 0:58:00,13,2020-12-22 1:01:15,2021-12-21 0:58:00,3
395,1MLiPwYjNACQHREFKwGtkPpWgd8PqpbuQ4,"4,487 BTC ($220,055,411)",0.02%,2017-06-13 9:58:25,2021-05-29 7:13:09,28,,,
396,15n6GcFRFm3287FotAWunZe58D9yXx13AB,"4,449 BTC ($218,212,628)",0.02%,2021-02-25 3:45:55,2021-07-11 19:32:53,74,,,
397,1Cm9ugUjEUyMvjB3uWxESapa861uEtcVyc,"4,449 BTC ($218,212,628)",0.02%,2021-02-23 23:25:49,2021-07-11 19:32:53,76,,,
398,1G6KK2j1C7DAsPmQ6joZpAY4gN84z5Te4E,"4,449 BTC ($218,212,628)",0.02%,2021-02-25 3:45:55,2021-07-11 19:32:53,73,,,
399,1Ms4LPLVYWCyYTAqBcotXAeizHgE778abE,"4,449 BTC ($218,212,628)",0.02%,2021-02-25 5:01:02,2021-07-11 19:32:53,73,,,
400,1ZK5rrghS3Uhnra64LiuZVupa6WTSuPfF,"4,449 BTC ($218,212,628)",0.02%,2021-02-24 11:07:34,2021-07-11 19:32:53,76,,,
401,1D387jd5ZuvudpUQrSv8vK5b2M1SBnvdY8,"4,449 BTC ($218,212,628)",0.02%,2021-02-23 10:06:11,2021-07-11 19:32:53,72,,,
402,1Ly9nQEyaRQoRPSAE4dABrpav2SaAR383W,"4,449 BTC ($218,212,628)",0.02%,2021-02-22 7:17:28,2021-07-11 19:32:53,75,,,
403,1GuLYGgr9FZwCBBQfDmMiJfTF4cvyrJSeu,"4,449 BTC ($218,212,628)",0.02%,2021-02-19 20:18:29,2021-07-11 19:32:53,78,,,
404,15SGg7PpcJ7bMhENw4gc3Qp4LT6c5uLGza,"4,449 BTC ($218,212,628)",0.02%,2021-02-22 17:45:59,2021-07-11 19:32:53,76,,,
405,152BK6BQa672Dy8PHf4JQtS27pBRBiYy6e,"4,449 BTC ($218,212,628)",0.02%,2021-02-20 19:04:41,2021-07-11 19:32:53,84,,,
406,1FUpBduq45UfULPACj1Phw9hRvwroJqYUX,"4,449 BTC ($218,212,628)",0.02%,2021-02-17 22:22:10,2021-07-11 19:32:53,77,,,
407,154sxXJekWHQ5nPxkkaWnMghy4o9qWaNdU,"4,449 BTC ($218,212,628)",0.02%,2021-02-22 7:27:25,2021-07-11 19:32:53,78,,,
408,1Gc6ggvqHRRwyyx6rrW9Wn17bqzV7voWvD,"4,449 BTC ($218,212,628)",0.02%,2021-02-20 2:01:18,2021-07-11 19:32:53,78,,,
409,1Cw9Kyr8hKsucXTtcwuGVqeBHDrnRtXC8D,"4,449 BTC ($218,212,628)",0.02%,2021-02-09 1:28:24,2021-07-11 19:32:53,76,,,
410,12GQSEPmoCiw7zrWJbsYa5SD3hkKPSzyAq,"4,449 BTC ($218,212,627)",0.02%,2021-02-23 11:21:34,2021-06-19 18:56:38,74,,,
411,1AwimXdGoX8nR9dMagCDMGJQB62GNHgrqM,"4,449 BTC ($218,212,627)",0.02%,2021-02-17 5:51:00,2021-06-19 18:56:38,79,,,
412,1EF3T11bL7yua2yJo4waaQ3RgewNwRnKMw,"4,449 BTC ($218,212,627)",0.02%,2021-02-05 14:25:02,2021-06-19 17:40:35,67,,,
413,1CY3uBdj9ZypiiZUymr2kVSaByFdEbYrcU,"4,421 BTC ($216,809,509)",0.02%,2021-02-25 5:07:35,2021-07-11 19:32:53,73,,,
414,1Fva9692TyammJAT2R4dLPtSrjJ4hjffCD,"4,375 BTC ($214,569,350)",0.02%,2021-10-20 21:15:02,2021-12-13 22:37:12,21,,,
415,"1DusaaJVM9VJTgQYiZE9pd3DZCxXoMncCE
wallet: 74235263","4,358 BTC ($213,734,842)",0.02%,2021-01-08 21:49:27,2021-09-25 1:44:40,29,2021-01-22 2:56:31,2021-12-21 5:49:45,14
416,1FbVRtAhYSR47dqvRjUGaxkGiKK2RPpyNX,"4,352 BTC ($213,447,241)",0.02%,2021-11-25 3:08:13,2021-11-25 3:17:28,2,,,
417,1sswvtzmd9nXbEFDawYPwm8UEdzjbZvpv,"4,351 BTC ($213,372,485)",0.02%,2020-09-19 8:18:57,2021-05-29 7:13:09,12,,,
418,34MSicAL7qVGkevFPLwyc9KohGzoUSnu3Q,"4,350 BTC ($213,343,243)",0.02%,2020-10-09 23:08:16,2021-12-16 13:58:56,65,2021-02-12 23:30:32,2021-07-27 17:05:37,41
419,18Hp8j2JMvwtPs1eqNaYEEVvuFpjQJRFVY,"4,333 BTC ($212,509,581)",0.02%,2011-08-08 13:20:12,2021-12-24 17:58:24,36,,,
,,,,,,,,,
420,3A9qNS69dngSU2ak8BwZKEExeVnL2RqpYJ,"4,325 BTC ($212,117,619)",0.02%,2020-12-16 16:22:05,2021-11-30 14:20:21,21,,,
421,16eb495TbiCRbRbZv4WBdaUvNGxUYJ4jed,"4,322 BTC ($211,986,268)",0.02%,2011-08-08 13:20:12,2021-05-29 7:13:09,34,,,
422,1PDvc2EDpNmZWjEEig5ZaHq8NLdzUU87ES,"4,308 BTC ($211,266,255)",0.02%,2021-11-25 3:08:13,2021-11-25 3:17:28,2,,,
423,"17GGGHWtyi7e1rxnEpcKpE7fHq1UZBguAb
wallet: 26510646","4,301 BTC ($210,928,996)",0.02%,2016-11-06 18:35:38,2021-05-29 7:13:09,5044,2017-02-08 4:48:42,2021-09-29 9:42:39,333
424,3N5Nny9doXSfjYh5k9XNdG8baE1kiayx5o,"4,289 BTC ($210,357,566)",0.02%,2018-01-29 2:30:45,2021-06-09 4:35:57,26,,,
425,3D2VByjWzEZ9SURwhLzoCWipQQQUCrHVKQ 3-of-6,"4,282 BTC ($209,987,748)",0.02%,2021-07-27 16:16:13,2021-10-12 11:51:00,11,2021-08-18 8:19:32,2021-10-12 11:51:00,10
426,"12qA97T8hsDgvVoRCXGZifd9PCraqvd2DW
wallet: 63673195","4,275 BTC ($209,644,683)",0.02%,2020-06-14 21:48:24,2021-12-28 2:53:54,126949,2020-06-15 20:58:38,2021-12-28 3:32:09,21536
427,1JCrPqogEKEpM9fuFQV7LpF9e8cgf3YZ8m,"4,251 BTC ($208,487,517)",0.02%,2018-01-26 22:11:42,2021-10-10 22:54:55,25,2018-02-13 11:47:20,2018-02-13 11:47:20,1
428,1DTibFT2vzUhM3LjCL7PXUbwgv3KfhAD3Y,"4,230 BTC ($207,455,959)",0.02%,2021-02-26 1:13:46,2021-07-11 19:32:53,67,,,
429,124ixYbTUb5jBAsY5X9pJfimdc3x1qJSPu,"4,230 BTC ($207,455,959)",0.02%,2021-02-25 5:01:02,2021-07-11 19:32:53,77,,,
430,1GDsWXPNUqKp2AtqRNZuUgzoCChuJfpi6f,"4,230 BTC ($207,455,959)",0.02%,2021-03-02 17:39:33,2021-07-11 19:32:53,67,,,
431,1MGRMRJkMvEbmSRZxtA5zkAoZiDBEnrFGj,"4,230 BTC ($207,455,959)",0.02%,2021-02-25 10:33:12,2021-07-11 19:32:53,68,,,
432,1AN2EJMCyKn8dcfv8gonihvRPvyYuNUuQP,"4,230 BTC ($207,455,959)",0.02%,2021-02-26 3:06:52,2021-07-11 19:32:53,67,,,
433,1PPWcRj9k2oRr2uEJUQpmTo293a68tkjTX,"4,230 BTC ($207,455,959)",0.02%,2021-02-25 5:07:35,2021-07-11 19:32:53,70,,,
434,"18hFBPU81kC8V4Dp4iwdwQHakKa5TW2ZkJ
wallet: 64394647","4,176 BTC ($204,798,274)",0.02%,2011-01-29 2:31:18,2021-06-09 4:35:57,62,2011-05-29 0:18:47,2020-07-11 10:20:46,9
435,bc1qz3m6agu2fsa9p6475xqk777axceyl07mhvwtrv80349mxyckelustuqyc7,"4,166 BTC ($204,321,644)",0.02%,2021-09-15 6:12:03,2021-12-22 4:19:18,14,2021-10-07 5:34:01,2021-12-22 4:19:18,13
436,188r3qaNRfFMVebuPDVEHBzKmWfTSdBj7p,"4,161 BTC ($204,079,430)",0.02%,2018-12-17 0:35:51,2021-12-18 0:11:24,114,2019-05-01 2:47:30,2021-12-17 22:56:40,97
437,1GX7i8jG8DD1mG85BNnz7xybVhSmw84Uii,"4,109 BTC ($201,513,812)",0.02%,2013-04-25 1:58:46,2021-06-09 4:35:57,34,,,
438,"3FQ1j5SRRTBihpw97A5mWcaE8jn9u9YGoc
wallet: OKEX-coldwallet","4,105 BTC ($201,309,705)",0.02%,2020-06-12 16:08:16,2021-12-24 20:51:01,77,2020-06-30 1:00:09,2021-10-09 0:14:10,26
439,1gtmmzwhqUzhb8XoShHwgyrzbJwdZ47ok,"4,073 BTC ($199,779,819)",0.02%,2017-09-22 10:51:10,2021-06-09 4:35:57,65,2018-02-05 2:22:50,2019-12-10 11:34:00,12
440,1PuXkbwqqwzEYo9SPGyAihAge3e9Lc71b,"4,056 BTC ($198,922,143)",0.02%,2020-10-23 9:15:27,2021-07-11 19:32:53,44390,2020-10-23 11:07:05,2021-07-10 7:12:24,42388
441,1N5NqDWiLVqtU8mEzCNEeEbQVHwuGGChJs,"4,049 BTC ($198,580,955)",0.02%,2013-12-11 11:15:43,2021-06-09 4:35:57,37,,,
442,3HDCw5jHZt5J6Xm59c2NzsFezK7TeUk4Fw,"4,032 BTC ($197,755,316)",0.02%,2020-07-15 21:33:04,2021-06-09 4:35:57,15,,,
443,1eNYBayUb4UfZH1HEBeKZv1eLAB8MuXG7,"4,020 BTC ($197,158,549)",0.02%,2020-12-13 11:33:06,2021-06-09 4:35:57,10,,,
444,1VeMPNgEtQGurwjW2WsYXQaw4boAX5k6S,"4,000 BTC ($196,182,658)",0.02%,2014-11-30 15:06:15,2021-06-09 4:35:57,55,,,
445,1Ms9vJaEdo4JFADcukMjZVzP7EgKEJgrw4,"4,000 BTC ($196,182,504)",0.02%,2021-04-22 23:22:10,2021-10-03 20:41:06,6,,,
446,1ALXLVNj7yKRU2Yki3K3yQGB5TBPof7jyo,"4,000 BTC ($196,177,790)",0.02%,2010-07-25 1:35:23,2021-06-12 11:42:16,32,,,
447,18eY9oWL2mkXCL1VVwPme2NMmAVhX6EfyM,"4,000 BTC ($196,177,788)",0.02%,2011-06-27 23:46:13,2021-06-12 11:42:16,33,,,
448,1LwBdypLh3WPawK1WUqGZXgs4V8neHHqb7,"4,000 BTC ($196,177,779)",0.02%,2011-05-17 15:52:51,2021-06-12 11:42:16,33,,,
449,3CkcwbJSg22rng8kmM5h3xM9wAyx9LRjTT,"4,000 BTC ($196,177,744)",0.02%,2020-06-18 8:01:29,2021-06-12 11:42:16,17,2020-06-18 8:33:58,2020-06-18 8:33:58,1
450,3QbrveqTynaBCkLErjkKpQiTtNwXxZMB57,"4,000 BTC ($196,177,744)",0.02%,2020-06-18 8:01:29,2021-06-12 11:42:16,16,2020-06-18 8:40:41,2020-06-18 8:40:41,1
451,3Bg2GznyRPA7hKb8djGwRZjr87XR3MrUgZ,"4,000 BTC ($196,177,744)",0.02%,2020-06-18 8:01:29,2021-06-12 11:42:16,16,2020-06-18 8:47:23,2020-06-18 8:47:23,1
452,3QjeqXjQezmmC4rueLJh1d4pHKDPQiomBJ,"4,000 BTC ($196,177,744)",0.02%,2020-06-18 8:01:29,2021-06-12 11:42:16,16,2020-06-18 9:00:50,2020-06-18 9:00:50,1
453,3DvACYtTcYh2i5cPmjs1APsbxpW4BxuJAU,"4,000 BTC ($196,177,744)",0.02%,2020-06-18 8:01:29,2021-06-12 11:42:16,16,2020-06-18 8:40:41,2020-06-18 8:40:41,1
454,34dUnJZeubiRPRwcPTKSCheijXjGTMpppX,"4,000 BTC ($196,177,744)",0.02%,2020-06-18 8:01:29,2021-06-12 11:42:16,16,2020-06-18 8:33:58,2020-06-18 8:33:58,1
455,3MD3yyLUJLGwB5JgcPot92mwfHNE2MxwLe,"4,000 BTC ($196,177,743)",0.02%,2020-06-18 8:01:29,2021-06-12 11:42:16,15,2020-06-18 8:33:58,2020-06-18 8:33:58,1
456,3311NrsdWmckE8NL5CbAZV3RcKTM8vSChV,"4,000 BTC ($196,177,743)",0.02%,2020-06-18 8:01:29,2021-06-12 11:42:16,15,2020-06-18 8:35:33,2020-06-18 8:35:33,1
457,3KFiNrDGfKotN9bb6DS6MKEhtuczpx8P87,"4,000 BTC ($196,177,743)",0.02%,2020-06-18 8:01:29,2021-06-12 11:42:16,15,2020-06-18 8:33:58,2020-06-18 8:33:58,1
458,3BUQ3zeV52QPX2SHrnBPjmdHT7KbzF7cuC,"4,000 BTC ($196,177,700)",0.02%,2020-12-22 2:30:24,2021-06-12 11:42:16,9,,,
459,1MPsPzkBK3w8J6CJyAFUkoiSaxTqWRabsk,"4,000 BTC ($196,177,697)",0.02%,2019-07-24 20:35:27,2021-06-12 11:42:16,18,,,
460,1HJDQbLauXEkzsTujzw5PaAqbcDCBeLiq1,"4,000 BTC ($196,177,695)",0.02%,2019-07-24 20:35:27,2021-06-12 11:42:16,18,,,
461,19JSjdxgx4Ck4NkmeKq7KNCFEhn1n4cHSS,"4,000 BTC ($196,177,651)",0.02%,2021-04-22 17:47:52,2021-06-12 11:42:16,4,,,
462,1DLhdcY6xwMzvnsUxuTiXM3EsvtEmiHdkh,"4,000 BTC ($196,177,645)",0.02%,2021-04-22 17:20:02,2021-06-12 11:42:16,4,,,
463,1Kz8mmYiCNMUHL7XZZxi3Q7CEzyQir7NrB,"4,000 BTC ($196,177,644)",0.02%,2021-04-22 17:47:52,2021-06-12 11:42:16,4,,,
464,1JUuAaHSuxy4hSuBz3HknjLdCtmL28Hcj8,"4,000 BTC ($196,177,595)",0.02%,2017-10-19 21:20:20,2021-06-12 11:42:16,24,,,
465,1DWB2HajYBcDBuB2iSGzRVaCpcQKEPvCsj,"3,997 BTC ($196,021,415)",0.02%,2019-06-28 16:50:23,2021-06-12 11:42:16,18,,,
466,15MZvKjqeNz4AVz2QrHumQcRJq2JVHjFUz,"3,963 BTC ($194,344,507)",0.02%,2011-01-13 14:30:16,2021-06-12 11:42:16,40,,,
467,3K6zNdH8bhefaVD7ob2RchKSmiXr5bZes4,"3,958 BTC ($194,122,701)",0.02%,2021-04-29 19:07:42,2021-06-12 11:42:16,3,,,
468,35h3wuHCVzuULtL7nRtYq9bzWVRR554QbY,"3,950 BTC ($193,725,402)",0.02%,2017-08-22 6:35:50,2021-06-12 11:42:16,26,,,
469,"13Sscnm9MNVCLxLHCHm18dcmbroxDyN2X8
wallet: 54550768","3,940 BTC ($193,228,876)",0.02%,2020-01-13 12:37:32,2021-12-27 15:51:52,310,2020-01-22 23:09:54,2021-12-24 5:48:41,304
470,1D9Tagw8NWdG63XE5Sy8PsGHxtEyVJWQrg,"3,933 BTC ($192,883,581)",0.02%,2018-05-02 21:00:54,2021-06-12 11:42:16,21,,,
471,1812yXzGSekCMvWE477MK9q7PDYcdSNBNT,"3,901 BTC ($191,318,084)",0.02%,2020-05-24 18:38:10,2021-06-12 11:42:16,16,,,
472,"bc1qwfgdjyy95aay2686fn74h6a4nu9eev6np7q4fn204dkj3274frlqrskvx0
wallet: 9924891","3,888 BTC ($190,698,018)",0.02%,2020-11-03 11:02:49,2021-12-28 8:38:47,732699,2020-11-03 18:47:58,2021-12-28 8:38:47,729502
473,bc1qe2j9m2fynkj54qtpddpv4sjjp55jczacuwsu8v,"3,879 BTC ($190,251,189) / +3879 BTC",0.02%,2021-12-01 12:32:23,2021-12-01 12:51:18,2,2021-12-01 13:20:18,2021-12-01 13:20:18,1
474,bc1qtvnldgwn60xgesdcafk0xzjlq5a4k84ndrlqlv,"3,858 BTC ($189,190,274)",0.02%,2021-08-18 5:18:12,2021-08-18 5:34:33,2,2021-08-18 5:34:33,2021-08-18 5:34:33,1
475,"bc1qxh4h6v4skh9na8x5ze9uv6yasdcgvhegr7ag3w
wallet: 77541876","3,827 BTC ($187,670,608)",0.02%,2021-06-23 2:52:44,2021-12-27 23:11:58,160,2021-06-30 12:42:07,2021-12-27 23:11:58,151
476,124YoiaSaUssbBeP5RukbSN9Evc3UJfwPj,"3,820 BTC ($187,367,993)",0.02%,2016-11-26 7:39:22,2021-12-27 9:20:34,2674,,,
477,12Ze14vvoMxEAijZcJVCTG8uzcPB8TSTrs,"3,791 BTC ($185,908,837)",0.02%,2020-05-08 6:15:30,2021-07-23 16:55:58,75,2020-05-27 15:47:35,2020-05-27 15:47:35,1
478,16J5dHdRbgoZ9VmLkEGJnk2eLXpQefYJTe,"3,734 BTC ($183,114,176)",0.02%,2021-06-03 20:30:32,2021-06-12 11:42:16,2,,,
479,1yAFNheT6MyMddhYXqjW9yYgNh6KiKTWb,"3,716 BTC ($182,249,333)",0.02%,2017-12-28 7:20:08,2021-06-13 4:29:41,26,,,
480,3C4DYuMD7d3vZFFy1tTWQXVFksjB69L9By,"3,685 BTC ($180,728,700)",0.02%,2020-12-24 22:43:28,2021-06-09 11:39:20,10,,,
481,1GMFSWQQQhCQyRNQcac9tDKcvqYCuripVs,"3,674 BTC ($180,199,471)",0.02%,2013-04-25 4:09:35,2021-06-09 11:39:20,30,,,
482,1LFg7FKFDa1bHDM5xVguUetpw42huik2ME,"3,667 BTC ($179,846,304)",0.02%,2019-05-10 17:32:03,2021-12-16 9:24:52,80,2019-05-11 9:07:08,2021-08-11 19:00:41,76
483,"bc1qfd9wg4eh4ey7ar9my04xk67mxf7rax8nkuwqjqwpttkcqj6wqkcq3kpx98
wallet: 60048742","3,658 BTC ($179,413,071)",0.02%,2020-03-03 6:46:08,2021-12-14 23:05:34,164,2020-06-01 17:28:08,2021-12-25 2:29:13,84
484,3FzFX9bXNYmA9nxTH51LCqm4XtCaaC6SEw 3-of-6,"3,653 BTC ($179,182,590)",0.02%,2021-03-09 16:23:28,2021-12-24 18:42:58,100,2021-03-15 20:48:20,2021-12-24 16:01:44,91
485,1P7Adczd3ikxfCzTGtZBAYNLS1pxoTnZPW,"3,623 BTC ($177,694,962)",0.02%,2018-10-25 3:19:48,2021-06-09 11:39:20,55,,,
486,1DTBF2ooVxKTni2McYwXujbNv6wRvjP9ms,"3,616 BTC ($177,356,101)",0.02%,2018-08-22 5:51:05,2021-12-16 16:55:43,50,2018-09-29 0:04:48,2021-12-16 16:55:43,22
487,1fw4PbvZXdzbKo5WD3hdSvqKDze3g4HHe,"3,615 BTC ($177,286,278)",0.02%,2018-08-22 18:41:39,2021-12-09 22:06:50,41,2018-09-29 1:39:39,2021-12-09 22:06:50,21
488,bc1qkqpfk4za0tjwyra0u7crtysx8ang5xmths5s5v,"3,610 BTC ($177,067,124)",0.02%,2021-11-01 3:29:34,2021-11-01 3:33:45,2,2021-11-01 3:33:45,2021-11-01 3:33:45,1
489,14mPMrRm6TdjqHZhd7aBUbuWt5MYWReukR,"3,600 BTC ($176,560,060)",0.02%,2013-03-13 9:10:00,2021-06-09 11:39:20,31,,,
490,16HYWQ8HbyZV38mSAFYk5fnZgEeD27B6s2,"3,583 BTC ($175,720,775)",0.02%,2020-04-27 15:29:36,2021-12-28 1:14:58,1404,2020-04-29 16:30:06,2021-12-27 19:51:37,1375
491,35QASqiGmQmHoccRc8pk9EtPVDFZDrFA59,"3,574 BTC ($175,275,593)",0.02%,2021-07-01 22:54:13,2021-07-19 22:09:37,2,,,
492,bc1q9gkp6stycd870sc9sv70ulj7esd7ynmgqfdaud,"3,573 BTC ($175,233,272)",0.02%,2020-12-28 20:40:43,2021-06-09 11:39:20,7,,,
493,18h6Qix8BKR6xJBfhNNrkftPkWT98ggd4R,"3,572 BTC ($175,186,817)",0.02%,2020-12-13 7:26:49,2021-06-09 11:39:20,9,,,
494,bc1qg87c30jyj5nrf3jl2puv2w9fyy9pfp554sxn9t,"3,552 BTC ($174,220,995)",0.02%,2020-12-28 20:40:43,2021-06-09 11:39:20,7,,,
495,bc1qd3a6eefkkurt4ddxhj902p6wpvvhl2fyasqaag,"3,537 BTC ($173,480,444) / +3537 BTC",0.02%,2021-12-06 21:35:10,2021-12-06 21:35:10,1,,,
496,bc1q9x82ww3mngsvpdmq30t6m4gmhksdwdaaprlpvr,"3,512 BTC ($172,220,473)",0.02%,2020-12-28 20:40:43,2021-06-13 4:29:41,7,,,
497,bc1qhkya3avpxfm0pajdw0h89gaa08vyk924zj67v0,"3,502 BTC ($171,777,111)",0.02%,2020-12-28 20:40:43,2021-06-09 11:39:20,7,,,
498,1HRpC4MqQsvFpQRpXtxnyB1Y3YQfwY21Du,"3,500 BTC ($171,655,445)",0.02%,2017-10-19 21:50:39,2021-06-13 4:29:41,19,,,
499,1HxUtcqtfrgGJSkaEXgjv3XFLaCYbQ7nji,"3,500 BTC ($171,655,445)",0.02%,2021-04-22 17:32:29,2021-06-09 11:39:20,2,,,
500,bc1qkj2qdzlzh2aptn5cu52ucf3nkmjj9x89qrd0tr,"3,500 BTC ($171,655,444)",0.02%,2020-12-28 20:43:53,2021-06-09 11:39:20,7,,,